City,서울,부산,대구,인천,광주,대전,울산,세종,수원,성남,고양,용인,창원,청주,전주,천안,안산,안양,남양주,부천,화성,포항,김해,평택,진주,원주,아산,익산,춘천,경산,군포,강릉,양산,광명,구미,순천,김포,의정부,시흥,광주(경기),음성,동두천,목포,속초,사천,오산,여수,경주,군산,서산,의왕,파주,양주,하남,김천,정읍,충주,거제,나주,안동,제천,보령,공주,문경,상주,영천,영주,논산,광양,포천,이천,양평,홍성,예산,정선,삼척,태백,영광,고흥,남해,통영,고성,양양,철원,연천,화천,인제,거창,합천,밀양,함안,창녕,청도,의성,예천,봉화,울진,영동,남원,곡성
서울,0.0,0.0,0.0,22.957299701557634,0.0,0.0,0.0,0.0,16.085395521551966,29.11673369196988,33.56197059123245,9.79337300303446,0.0,0.0,0.0,0.0,19.893323607656566,30.79633082624343,27.570883336647764,29.789980036413034,7.238602191512264,0.0,0.0,0.0,0.0,0.0,0.0,0.0,0.0,0.0,27.045813613655962,0.0,0.0,36.01580930907064,0.0,0.0,26.223031674656404,30.332302836311868,24.110371209050733,19.917926597679248,0.0,12.151117066129252,0.0,0.0,0.0,2.5219191158121887,0.0,0.0,0.0,0.0,25.356274135208775,22.04328034362448,24.993811593609575,28.911461416515383,0.0,0.0,0.0,0.0,0.0,0.0,0.0,0.0,0.0,0.0,0.0,0.0,0.0,0.0,0.0,8.650096251863253,0.0,4.253535389441538,0.0,0.0,0.0,0.0,0.0,0.0,0.0,0.0,0.0,0.0,0.0,0.0,0.0,0.0,0.0,0.0,0.0,0.0,0.0,0.0,0.0,0.0,0.0,0.0,0.0,0.0,0.0,0.0
부산,0.0,0.0,0.0,0.0,0.0,0.0,4.789807525040082,0.0,0.0,0.0,0.0,0.0,13.67726021184803,0.0,0.0,0.0,0.0,0.0,0.0,0.0,0.0,0.0,32.2558414284392,0.0,0.0,0.0,0.0,0.0,0.0,0.0,0.0,0.0,33.28574445642685,0.0,0.0,0.0,0.0,0.0,0.0,0.0,0.0,0.0,0.0,0.0,0.0,0.0,0.0,0.0,0.0,0.0,0.0,0.0,0.0,0.0,0.0,0.0,0.0,0.0,0.0,0.0,0.0,0.0,0.0,0.0,0.0,0.0,0.0,0.0,0.0,0.0,0.0,0.0,0.0,0.0,0.0,0.0,0.0,0.0,0.0,0.0,0.0,0.0,0.0,0.0,0.0,0.0,0.0,0.0,0.0,3.3821318558241558,0.0,0.0,0.0,0.0,0.0,0.0,0.0,0.0,0.0,0.0
대구,0.0,0.0,0.0,0.0,0.0,0.0,0.0,0.0,0.0,0.0,0.0,0.0,0.0,0.0,0.0,0.0,0.0,0.0,0.0,0.0,0.0,0.0,0.0,0.0,0.0,0.0,0.0,0.0,0.0,36.35751578024721,0.0,0.0,0.0,0.0,14.03157529707115,0.0,0.0,0.0,0.0,0.0,0.0,0.0,0.0,0.0,0.0,0.0,0.0,0.0,0.0,0.0,0.0,0.0,0.0,0.0,0.0,0.0,0.0,0.0,0.0,0.0,0.0,0.0,0.0,0.0,0.0,17.803284220103336,0.0,0.0,0.0,0.0,0.0,0.0,0.0,0.0,0.0,0.0,0.0,0.0,0.0,0.0,0.0,0.0,0.0,0.0,0.0,0.0,0.0,0.0,0.0,6.9653912037635735,0.0,12.241837225851832,22.42865269740663,0.0,0.0,0.0,0.0,0.0,0.0,0.0
인천,22.957299701557634,0.0,0.0,0.0,0.0,0.0,0.0,0.0,14.247843416459922,12.501079566874047,24.926902542091568,1.8089448178841891,0.0,0.0,0.0,0.0,31.38795186497251,26.691171217162864,0.6099564890085389,42.60042979695562,19.39616039000138,0.0,0.0,0.0,0.0,0.0,0.0,0.0,0.0,0.0,27.122841131977502,0.0,0.0,35.552079229125695,0.0,0.0,32.35026947494103,7.3467987162652335,37.9401354154016,1.0602155234385364,0.0,0.0,0.0,0.0,0.0,2.629979740247876,0.0,0.0,0.0,0.0,23.634620549323987,15.744721289804296,2.7087409169469012,4.057186649921064,0.0,0.0,0.0,0.0,0.0,0.0,0.0,0.0,0.0,0.0,0.0,0.0,0.0,0.0,0.0,0.0,0.0,0.0,0.0,0.0,0.0,0.0,0.0,0.0,0.0,0.0,0.0,0.0,0.0,0.0,0.0,0.0,0.0,0.0,0.0,0.0,0.0,0.0,0.0,0.0,0.0,0.0,0.0,0.0,0.0,0.0
광주,0.0,0.0,0.0,0.0,0.0,0.0,0.0,0.0,0.0,0.0,0.0,0.0,0.0,0.0,0.0,0.0,0.0,0.0,0.0,0.0,0.0,0.0,0.0,0.0,0.0,0.0,0.0,0.0,0.0,0.0,0.0,0.0,0.0,0.0,0.0,0.0,0.0,0.0,0.0,0.0,0.0,0.0,0.0,0.0,0.0,0.0,0.0,0.0,0.0,0.0,0.0,0.0,0.0,0.0,0.0,4.611345810653674,0.0,0.0,31.070296133997463,0.0,0.0,0.0,0.0,0.0,0.0,0.0,0.0,0.0,0.0,0.0,0.0,0.0,0.0,0.0,0.0,0.0,0.0,16.15124115116612,0.0,0.0,0.0,0.0,0.0,0.0,0.0,0.0,0.0,0.0,0.0,0.0,0.0,0.0,0.0,0.0,0.0,0.0,0.0,0.0,0.0,7.747189084087189
대전,0.0,0.0,0.0,0.0,0.0,0.0,0.0,33.27043921669174,0.0,0.0,0.0,0.0,0.0,16.271730495371962,0.0,0.0,0.0,0.0,0.0,0.0,0.0,0.0,0.0,0.0,0.0,0.0,0.0,0.0,0.0,0.0,0.0,0.0,0.0,0.0,0.0,0.0,0.0,0.0,0.0,0.0,0.0,0.0,0.0,0.0,0.0,0.0,0.0,0.0,0.0,0.0,0.0,0.0,0.0,0.0,0.0,0.0,0.0,0.0,0.0,0.0,0.0,0.0,23.926790928023568,0.0,0.0,0.0,0.0,19.285250843892598,0.0,0.0,0.0,0.0,0.0,0.0,0.0,0.0,0.0,0.0,0.0,0.0,0.0,0.0,0.0,0.0,0.0,0.0,0.0,0.0,0.0,0.0,0.0,0.0,0.0,0.0,0.0,0.0,0.0,9.218169916309918,0.0,0.0
울산,0.0,4.789807525040082,0.0,0.0,0.0,0.0,0.0,0.0,0.0,0.0,0.0,0.0,0.0,0.0,0.0,0.0,0.0,0.0,0.0,0.0,0.0,0.0,0.0,0.0,0.0,0.0,0.0,0.0,0.0,0.0,0.0,0.0,14.297181746976307,0.0,0.0,0.0,0.0,0.0,0.0,0.0,0.0,0.0,0.0,0.0,0.0,0.0,0.0,13.876437469545372,0.0,0.0,0.0,0.0,0.0,0.0,0.0,0.0,0.0,0.0,0.0,0.0,0.0,0.0,0.0,0.0,0.0,0.0,0.0,0.0,0.0,0.0,0.0,0.0,0.0,0.0,0.0,0.0,0.0,0.0,0.0,0.0,0.0,0.0,0.0,0.0,0.0,0.0,0.0,0.0,0.0,0.0,0.0,0.0,0.0,0.0,0.0,0.0,0.0,0.0,0.0,0.0
세종,0.0,0.0,0.0,0.0,0.0,33.27043921669174,0.0,0.0,0.0,0.0,0.0,0.0,0.0,24.60929655987941,0.0,9.644744126254928,0.0,0.0,0.0,0.0,0.0,0.0,0.0,0.0,0.0,0.0,6.910805282995703,0.0,0.0,0.0,0.0,0.0,0.0,0.0,0.0,0.0,0.0,0.0,0.0,0.0,0.0,0.0,0.0,0.0,0.0,0.0,0.0,0.0,0.0,0.0,0.0,0.0,0.0,0.0,0.0,0.0,0.0,0.0,0.0,0.0,0.0,0.0,34.28472865552469,0.0,0.0,0.0,0.0,14.445224152920893,0.0,0.0,0.0,0.0,0.0,4.505986030136761,0.0,0.0,0.0,0.0,0.0,0.0,0.0,0.0,0.0,0.0,0.0,0.0,0.0,0.0,0.0,0.0,0.0,0.0,0.0,0.0,0.0,0.0,0.0,0.0,0.0,0.0
수원,16.085395521551966,0.0,0.0,14.247843416459922,0.0,0.0,0.0,0.0,0.0,30.57515204425043,2.8566694131593593,36.54742962128308,0.0,0.0,0.0,0.0,31.314105868133456,34.16002468776621,5.450033884281403,14.389438428508122,31.07667470775776,0.0,0.0,19.68492864092295,0.0,0.0,0.0,0.0,0.0,0.0,36.25658049058418,0.0,0.0,22.27980110130689,0.0,0.0,2.1651061089600248,0.0,26.13430244348761,24.23860141507172,0.0,0.0,0.0,0.0,0.0,36.33133211315137,0.0,0.0,0.0,0.0,39.52726835941664,0.0,0.0,15.267777501077667,0.0,0.0,0.0,0.0,0.0,0.0,0.0,0.0,0.0,0.0,0.0,0.0,0.0,0.0,0.0,0.0,12.935025036819397,2.142158278354451,0.0,0.0,0.0,0.0,0.0,0.0,0.0,0.0,0.0,0.0,0.0,0.0,0.0,0.0,0.0,0.0,0.0,0.0,0.0,0.0,0.0,0.0,0.0,0.0,0.0,0.0,0.0,0.0
성남,29.11673369196988,0.0,0.0,12.501079566874047,0.0,0.0,0.0,0.0,30.57515204425043,0.0,12.90060702587732,29.61341903749597,0.0,0.0,0.0,0.0,21.634613053870556,34.70315250384066,24.762276429095447,16.507868611406025,14.136685975869042,0.0,0.0,2.6576637717606744,0.0,0.0,0.0,0.0,0.0,0.0,31.898021648903207,0.0,0.0,26.1312109797559,0.0,0.0,7.7369143797705675,13.77505479705632,20.94093366890976,38.55909508197814,0.0,0.0,0.0,0.0,0.0,19.0853861690748,0.0,0.0,0.0,0.0,33.646171486004,1.161093877751469,8.853044148285235,34.67354935606649,0.0,0.0,0.0,0.0,0.0,0.0,0.0,0.0,0.0,0.0,0.0,0.0,0.0,0.0,0.0,0.0,17.691823708636797,17.126281593984324,0.0,0.0,0.0,0.0,0.0,0.0,0.0,0.0,0.0,0.0,0.0,0.0,0.0,0.0,0.0,0.0,0.0,0.0,0.0,0.0,0.0,0.0,0.0,0.0,0.0,0.0,0.0,0.0
고양,33.56197059123245,0.0,0.0,24.926902542091568,0.0,0.0,0.0,0.0,2.8566694131593593,12.90060702587732,0.0,0.0,0.0,0.0,0.0,0.0,12.652797576897783,18.681027922614962,15.976339675810117,31.864097529461013,0.0,0.0,0.0,0.0,0.0,0.0,0.0,0.0,0.0,0.0,15.912584779737855,0.0,0.0,29.660588865371498,0.0,0.0,38.673605041721544,30.141614301116714,18.989008998904858,3.4945317297399754,0.0,16.378878147247633,0.0,0.0,0.0,0.0,0.0,0.0,0.0,0.0,13.15456520349862,37.66405076554488,26.48379749654297,13.752185489012952,0.0,0.0,0.0,0.0,0.0,0.0,0.0,0.0,0.0,0.0,0.0,0.0,0.0,0.0,0.0,8.292634353365386,0.0,0.0,0.0,0.0,0.0,0.0,0.0,0.0,0.0,0.0,0.0,0.0,0.0,0.0,0.0,0.0,0.0,0.0,0.0,0.0,0.0,0.0,0.0,0.0,0.0,0.0,0.0,0.0,0.0,0.0
용인,9.79337300303446,0.0,0.0,1.8089448178841891,0.0,0.0,0.0,0.0,36.54742962128308,29.61341903749597,0.0,0.0,0.0,0.0,0.0,2.384753017628654,17.972785259606397,24.074293749114705,6.036684039611124,3.0619539100811224,18.893285558183525,0.0,0.0,21.533574412427225,0.0,0.0,0.0,0.0,0.0,0.0,24.64242031068572,0.0,0.0,11.96451324932712,0.0,0.0,0.0,0.0,13.324356493930892,30.122365951364902,0.0,0.0,0.0,0.0,0.0,35.75731650461089,0.0,0.0,0.0,0.0,28.15167535347739,0.0,0.0,16.745958852484186,0.0,0.0,0.0,0.0,0.0,0.0,0.0,0.0,0.0,0.0,0.0,0.0,0.0,0.0,0.0,0.0,25.804753482712997,10.93661690355939,0.0,0.0,0.0,0.0,0.0,0.0,0.0,0.0,0.0,0.0,0.0,0.0,0.0,0.0,0.0,0.0,0.0,0.0,0.0,0.0,0.0,0.0,0.0,0.0,0.0,0.0,0.0,0.0
창원,0.0,13.67726021184803,0.0,0.0,0.0,0.0,0.0,0.0,0.0,0.0,0.0,0.0,0.0,0.0,0.0,0.0,0.0,0.0,0.0,0.0,0.0,0.0,31.001123764836805,0.0,0.0,0.0,0.0,0.0,0.0,0.0,0.0,0.0,17.475107772440047,0.0,0.0,0.0,0.0,0.0,0.0,0.0,0.0,0.0,0.0,0.0,0.0,0.0,0.0,0.0,0.0,0.0,0.0,0.0,0.0,0.0,0.0,0.0,0.0,11.07086838890423,0.0,0.0,0.0,0.0,0.0,0.0,0.0,0.0,0.0,0.0,0.0,0.0,0.0,0.0,0.0,0.0,0.0,0.0,0.0,0.0,0.0,0.0,2.773418590738686,6.777740240785789,0.0,0.0,0.0,0.0,0.0,0.0,0.0,18.886062339782512,24.255820063083966,11.02082306901341,3.074321329754774,0.0,0.0,0.0,0.0,0.0,0.0,0.0
청주,0.0,0.0,0.0,0.0,0.0,16.271730495371962,0.0,24.60929655987941,0.0,0.0,0.0,0.0,0.0,0.0,0.0,11.399767945759017,0.0,0.0,0.0,0.0,0.0,0.0,0.0,0.0,0.0,0.0,3.5248391134849726,0.0,0.0,0.0,0.0,0.0,0.0,0.0,0.0,0.0,0.0,0.0,0.0,0.0,12.443351258698407,0.0,0.0,0.0,0.0,0.0,0.0,0.0,0.0,0.0,0.0,0.0,0.0,0.0,0.0,0.0,0.0,0.0,0.0,0.0,0.0,0.0,10.344278176757449,0.0,0.0,0.0,0.0,0.0,0.0,0.0,0.0,0.0,0.0,0.0,0.0,0.0,0.0,0.0,0.0,0.0,0.0,0.0,0.0,0.0,0.0,0.0,0.0,0.0,0.0,0.0,0.0,0.0,0.0,0.0,0.0,0.0,0.0,0.0,0.0,0.0
전주,0.0,0.0,0.0,0.0,0.0,0.0,0.0,0.0,0.0,0.0,0.0,0.0,0.0,0.0,0.0,0.0,0.0,0.0,0.0,0.0,0.0,0.0,0.0,0.0,0.0,0.0,0.0,27.770765678262368,0.0,0.0,0.0,0.0,0.0,0.0,0.0,0.0,0.0,0.0,0.0,0.0,0.0,0.0,0.0,0.0,0.0,0.0,0.0,0.0,9.45228870582956,0.0,0.0,0.0,0.0,0.0,0.0,11.18268812179491,0.0,0.0,0.0,0.0,0.0,0.0,0.0,0.0,0.0,0.0,0.0,7.804872913896311,0.0,0.0,0.0,0.0,0.0,0.0,0.0,0.0,0.0,0.0,0.0,0.0,0.0,0.0,0.0,0.0,0.0,0.0,0.0,0.0,0.0,0.0,0.0,0.0,0.0,0.0,0.0,0.0,0.0,0.0,0.0,0.0
천안,0.0,0.0,0.0,0.0,0.0,0.0,0.0,9.644744126254928,0.0,0.0,0.0,2.384753017628654,0.0,11.399767945759017,0.0,0.0,0.0,0.0,0.0,0.0,0.46376678254449644,0.0,0.0,29.941600072850086,0.0,0.0,39.82779107478247,0.0,0.0,0.0,0.0,0.0,0.0,0.0,0.0,0.0,0.0,0.0,0.0,0.0,0.0,0.0,0.0,0.0,0.0,13.167818066159782,0.0,0.0,0.0,0.0,0.0,0.0,0.0,0.0,0.0,0.0,0.0,0.0,0.0,0.0,0.0,0.0,9.038162750215221,0.0,0.0,0.0,0.0,0.0,0.0,0.0,0.0,0.0,3.0892325162804752,21.503739811910968,0.0,0.0,0.0,0.0,0.0,0.0,0.0,0.0,0.0,0.0,0.0,0.0,0.0,0.0,0.0,0.0,0.0,0.0,0.0,0.0,0.0,0.0,0.0,0.0,0.0,0.0
안산,19.893323607656566,0.0,0.0,31.38795186497251,0.0,0.0,0.0,0.0,31.314105868133456,21.634613053870556,12.652797576897783,17.972785259606397,0.0,0.0,0.0,0.0,0.0,36.2532680205314,1.2299183584715365,28.861397680026286,36.41573484249465,0.0,0.0,7.074459780461268,0.0,0.0,0.0,0.0,0.0,0.0,39.70996857337999,0.0,0.0,32.47973173666499,0.0,0.0,15.903010333895224,0.45406370964879983,43.06853988735132,11.202387057484735,0.0,0.0,0.0,0.0,0.0,21.04272405161498,0.0,0.0,0.0,0.0,37.591519811323735,1.136958563736144,0.0,8.369932465049637,0.0,0.0,0.0,0.0,0.0,0.0,0.0,0.0,0.0,0.0,0.0,0.0,0.0,0.0,0.0,0.0,0.0,0.0,0.0,0.0,0.0,0.0,0.0,0.0,0.0,0.0,0.0,0.0,0.0,0.0,0.0,0.0,0.0,0.0,0.0,0.0,0.0,0.0,0.0,0.0,0.0,0.0,0.0,0.0,0.0,0.0
안양,30.79633082624343,0.0,0.0,26.691171217162864,0.0,0.0,0.0,0.0,34.16002468776621,34.70315250384066,18.681027922614962,24.074293749114705,0.0,0.0,0.0,0.0,36.2532680205314,0.0,14.690674537509743,28.93683900696249,25.67275164272669,0.0,0.0,4.134038140049249,0.0,0.0,0.0,0.0,0.0,0.0,45.98974570329372,0.0,0.0,37.80732290894091,0.0,0.0,17.52505603437733,11.243678748259903,36.21720009468446,23.54529734297291,0.0,0.0,0.0,0.0,0.0,20.557034055759935,0.0,0.0,0.0,0.0,44.39555898508491,6.3603366816326385,5.900423607461136,22.116437374287255,0.0,0.0,0.0,0.0,0.0,0.0,0.0,0.0,0.0,0.0,0.0,0.0,0.0,0.0,0.0,0.0,4.8275349306892466,1.847155171164161,0.0,0.0,0.0,0.0,0.0,0.0,0.0,0.0,0.0,0.0,0.0,0.0,0.0,0.0,0.0,0.0,0.0,0.0,0.0,0.0,0.0,0.0,0.0,0.0,0.0,0.0,0.0,0.0
남양주,27.570883336647764,0.0,0.0,0.6099564890085389,0.0,0.0,0.0,0.0,5.450033884281403,24.762276429095447,15.976339675810117,6.036684039611124,0.0,0.0,0.0,0.0,1.2299183584715365,14.690674537509743,0.0,7.3610587574684985,0.0,0.0,0.0,0.0,0.0,0.0,0.0,0.0,0.0,0.0,10.760840944289832,0.0,0.0,14.397055513611008,0.0,0.0,5.738841601505314,30.28509903216338,3.6417606320185527,24.5990124318333,0.0,17.502746921222382,0.0,0.0,0.0,0.0,0.0,0.0,0.0,0.0,10.898294633002934,8.706409367222413,27.60174922956421,39.2654715386356,0.0,0.0,0.0,0.0,0.0,0.0,0.0,0.0,0.0,0.0,0.0,0.0,0.0,0.0,0.0,21.261548107847577,5.566969664002158,21.24353692242496,0.0,0.0,0.0,0.0,0.0,0.0,0.0,0.0,0.0,0.0,0.0,0.0,0.0,0.0,0.0,0.0,0.0,0.0,0.0,0.0,0.0,0.0,0.0,0.0,0.0,0.0,0.0,0.0
부천,29.789980036413034,0.0,0.0,42.60042979695562,0.0,0.0,0.0,0.0,14.389438428508122,16.507868611406025,31.864097529461013,3.0619539100811224,0.0,0.0,0.0,0.0,28.861397680026286,28.93683900696249,7.3610587574684985,0.0,15.617831161431027,0.0,0.0,0.0,0.0,0.0,0.0,0.0,0.0,0.0,28.070228417954784,0.0,0.0,40.36678282344474,0.0,0.0,37.035642238985545,14.74515043608504,35.75346351290848,5.203150574487324,0.0,0.0,0.0,0.0,0.0,1.6747068318783462,0.0,0.0,0.0,0.0,24.618942616661595,21.633491176959076,10.083240179664841,9.92756434252653,0.0,0.0,0.0,0.0,0.0,0.0,0.0,0.0,0.0,0.0,0.0,0.0,0.0,0.0,0.0,0.0,0.0,0.0,0.0,0.0,0.0,0.0,0.0,0.0,0.0,0.0,0.0,0.0,0.0,0.0,0.0,0.0,0.0,0.0,0.0,0.0,0.0,0.0,0.0,0.0,0.0,0.0,0.0,0.0,0.0,0.0
화성,7.238602191512264,0.0,0.0,19.39616039000138,0.0,0.0,0.0,0.0,31.07667470775776,14.136685975869042,0.0,18.893285558183525,0.0,0.0,0.0,0.46376678254449644,36.41573484249465,25.67275164272669,0.0,15.617831161431027,0.0,0.0,0.0,17.735358720670177,0.0,0.0,2.306776319436999,0.0,0.0,0.0,29.68223445738227,0.0,0.0,19.020509432737825,0.0,0.0,2.7603679436340656,0.0,29.805430084631308,5.7886541572920365,0.0,0.0,0.0,0.0,0.0,27.849991604529986,0.0,0.0,0.0,0.0,29.826433860906665,0.0,0.0,0.0,0.0,0.0,0.0,0.0,0.0,0.0,0.0,0.0,0.0,0.0,0.0,0.0,0.0,0.0,0.0,0.0,0.0,0.0,0.0,0.0,0.0,0.0,0.0,0.0,0.0,0.0,0.0,0.0,0.0,0.0,0.0,0.0,0.0,0.0,0.0,0.0,0.0,0.0,0.0,0.0,0.0,0.0,0.0,0.0,0.0,0.0
포항,0.0,0.0,0.0,0.0,0.0,0.0,0.0,0.0,0.0,0.0,0.0,0.0,0.0,0.0,0.0,0.0,0.0,0.0,0.0,0.0,0.0,0.0,0.0,0.0,0.0,0.0,0.0,0.0,0.0,0.0,0.0,0.0,0.0,0.0,0.0,0.0,0.0,0.0,0.0,0.0,0.0,0.0,0.0,0.0,0.0,0.0,0.0,28.99472930068977,0.0,0.0,0.0,0.0,0.0,0.0,0.0,0.0,0.0,0.0,0.0,0.0,0.0,0.0,0.0,0.0,0.0,12.982823413856785,0.0,0.0,0.0,0.0,0.0,0.0,0.0,0.0,0.0,0.0,0.0,0.0,0.0,0.0,0.0,0.0,0.0,0.0,0.0,0.0,0.0,0.0,0.0,0.0,0.0,0.0,0.0,0.0,0.0,0.0,0.0,0.0,0.0,0.0
김해,0.0,32.2558414284392,0.0,0.0,0.0,0.0,0.0,0.0,0.0,0.0,0.0,0.0,31.001123764836805,0.0,0.0,0.0,0.0,0.0,0.0,0.0,0.0,0.0,0.0,0.0,0.0,0.0,0.0,0.0,0.0,0.0,0.0,0.0,34.176805859660575,0.0,0.0,0.0,0.0,0.0,0.0,0.0,0.0,0.0,0.0,0.0,0.0,0.0,0.0,0.0,0.0,0.0,0.0,0.0,0.0,0.0,0.0,0.0,0.0,4.337832369453089,0.0,0.0,0.0,0.0,0.0,0.0,0.0,0.0,0.0,0.0,0.0,0.0,0.0,0.0,0.0,0.0,0.0,0.0,0.0,0.0,0.0,0.0,0.0,0.0,0.0,0.0,0.0,0.0,0.0,0.0,0.0,16.86622065706179,5.463942710280136,0.0,1.2559959785310895,0.0,0.0,0.0,0.0,0.0,0.0,0.0
평택,0.0,0.0,0.0,0.0,0.0,0.0,0.0,0.0,19.68492864092295,2.6576637717606744,0.0,21.533574412427225,0.0,0.0,0.0,29.941600072850086,7.074459780461268,4.134038140049249,0.0,0.0,17.735358720670177,0.0,0.0,0.0,0.0,0.0,26.32095653062092,0.0,0.0,0.0,6.970928260724882,0.0,0.0,0.0,0.0,0.0,0.0,0.0,0.24864298912851268,1.6845418792648488,0.0,0.0,0.0,0.0,0.0,33.22449215186826,0.0,0.0,0.0,0.0,9.717725071968246,0.0,0.0,0.0,0.0,0.0,0.0,0.0,0.0,0.0,0.0,0.0,0.0,0.0,0.0,0.0,0.0,0.0,0.0,0.0,5.164470181849502,0.0,0.0,8.637152774223338,0.0,0.0,0.0,0.0,0.0,0.0,0.0,0.0,0.0,0.0,0.0,0.0,0.0,0.0,0.0,0.0,0.0,0.0,0.0,0.0,0.0,0.0,0.0,0.0,0.0,0.0
진주,0.0,0.0,0.0,0.0,0.0,0.0,0.0,0.0,0.0,0.0,0.0,0.0,0.0,0.0,0.0,0.0,0.0,0.0,0.0,0.0,0.0,0.0,0.0,0.0,0.0,0.0,0.0,0.0,0.0,0.0,0.0,0.0,0.0,0.0,0.0,0.0,0.0,0.0,0.0,0.0,0.0,0.0,0.0,0.0,30.04272181008079,0.0,0.0,0.0,0.0,0.0,0.0,0.0,0.0,0.0,0.0,0.0,0.0,0.0,0.0,0.0,0.0,0.0,0.0,0.0,0.0,0.0,0.0,0.0,3.995488038220323,0.0,0.0,0.0,0.0,0.0,0.0,0.0,0.0,0.0,0.0,7.156732077823918,3.2191601439232898,19.77970871783446,0.0,0.0,0.0,0.0,0.0,0.0,6.81704625018034,0.0,21.177785504511544,0.0,0.0,0.0,0.0,0.0,0.0,0.0,0.0,0.0
원주,0.0,0.0,0.0,0.0,0.0,0.0,0.0,0.0,0.0,0.0,0.0,0.0,0.0,0.0,0.0,0.0,0.0,0.0,0.0,0.0,0.0,0.0,0.0,0.0,0.0,0.0,0.0,0.0,0.0,0.0,0.0,0.0,0.0,0.0,0.0,0.0,0.0,0.0,0.0,0.0,0.8767909725360639,0.0,0.0,0.0,0.0,0.0,0.0,0.0,0.0,0.0,0.0,0.0,0.0,0.0,0.0,0.0,8.75976117904819,0.0,0.0,0.0,16.389655669500748,0.0,0.0,0.0,0.0,0.0,0.0,0.0,0.0,0.0,7.389686580512738,8.199236694258083,0.0,0.0,0.0,0.0,0.0,0.0,0.0,0.0,0.0,0.0,0.0,0.0,0.0,0.0,0.0,0.0,0.0,0.0,0.0,0.0,0.0,0.0,0.0,0.0,0.0,0.0,0.0,0.0
아산,0.0,0.0,0.0,0.0,0.0,0.0,0.0,6.910805282995703,0.0,0.0,0.0,0.0,0.0,3.5248391134849726,0.0,39.82779107478247,0.0,0.0,0.0,0.0,2.306776319436999,0.0,0.0,26.32095653062092,0.0,0.0,0.0,0.0,0.0,0.0,0.0,0.0,0.0,0.0,0.0,0.0,0.0,0.0,0.0,0.0,0.0,0.0,0.0,0.0,0.0,10.409184497940473,0.0,0.0,0.0,0.6329259205537525,0.0,0.0,0.0,0.0,0.0,0.0,0.0,0.0,0.0,0.0,0.0,0.0,10.171786253557038,0.0,0.0,0.0,0.0,0.0,0.0,0.0,0.0,0.0,12.754403854850139,30.916349046440388,0.0,0.0,0.0,0.0,0.0,0.0,0.0,0.0,0.0,0.0,0.0,0.0,0.0,0.0,0.0,0.0,0.0,0.0,0.0,0.0,0.0,0.0,0.0,0.0,0.0,0.0
익산,0.0,0.0,0.0,0.0,0.0,0.0,0.0,0.0,0.0,0.0,0.0,0.0,0.0,0.0,27.770765678262368,0.0,0.0,0.0,0.0,0.0,0.0,0.0,0.0,0.0,0.0,0.0,0.0,0.0,0.0,0.0,0.0,0.0,0.0,0.0,0.0,0.0,0.0,0.0,0.0,0.0,0.0,0.0,0.0,0.0,0.0,0.0,0.0,0.0,29.93842814564605,0.0,0.0,0.0,0.0,0.0,0.0,6.789644308745331,0.0,0.0,0.0,0.0,0.0,0.0,0.0,0.0,0.0,0.0,0.0,19.40180501018819,0.0,0.0,0.0,0.0,0.0,0.0,0.0,0.0,0.0,0.0,0.0,0.0,0.0,0.0,0.0,0.0,0.0,0.0,0.0,0.0,0.0,0.0,0.0,0.0,0.0,0.0,0.0,0.0,0.0,0.0,0.0,0.0
춘천,0.0,0.0,0.0,0.0,0.0,0.0,0.0,0.0,0.0,0.0,0.0,0.0,0.0,0.0,0.0,0.0,0.0,0.0,0.0,0.0,0.0,0.0,0.0,0.0,0.0,0.0,0.0,0.0,0.0,0.0,0.0,0.0,0.0,0.0,0.0,0.0,0.0,0.0,0.0,0.0,0.0,0.0,0.0,0.0,0.0,0.0,0.0,0.0,0.0,0.0,0.0,0.0,0.0,0.0,0.0,0.0,0.0,0.0,0.0,0.0,0.0,0.0,0.0,0.0,0.0,0.0,0.0,0.0,0.0,3.389921179713099,0.0,1.7652510951625757,0.0,0.0,0.0,0.0,0.0,0.0,0.0,0.0,0.0,0.0,0.0,3.0434872477776054,0.0,25.102339695125067,6.126710544345173,0.0,0.0,0.0,0.0,0.0,0.0,0.0,0.0,0.0,0.0,0.0,0.0,0.0
경산,0.0,0.0,36.35751578024721,0.0,0.0,0.0,0.0,0.0,0.0,0.0,0.0,0.0,0.0,0.0,0.0,0.0,0.0,0.0,0.0,0.0,0.0,0.0,0.0,0.0,0.0,0.0,0.0,0.0,0.0,0.0,0.0,0.0,0.0,0.0,1.5043085488298402,0.0,0.0,0.0,0.0,0.0,0.0,0.0,0.0,0.0,0.0,0.0,0.0,6.254333675731232,0.0,0.0,0.0,0.0,0.0,0.0,0.0,0.0,0.0,0.0,0.0,0.0,0.0,0.0,0.0,0.0,0.0,25.908426427091236,0.0,0.0,0.0,0.0,0.0,0.0,0.0,0.0,0.0,0.0,0.0,0.0,0.0,0.0,0.0,0.0,0.0,0.0,0.0,0.0,0.0,0.0,0.0,14.2576987662828,0.0,11.506253452932803,30.407770386256257,0.0,0.0,0.0,0.0,0.0,0.0,0.0
군포,27.045813613655962,0.0,0.0,27.122841131977502,0.0,0.0,0.0,0.0,36.25658049058418,31.898021648903207,15.912584779737855,24.64242031068572,0.0,0.0,0.0,0.0,39.70996857337999,45.98974570329372,10.760840944289832,28.070228417954784,29.68223445738227,0.0,0.0,6.970928260724882,0.0,0.0,0.0,0.0,0.0,0.0,0.0,0.0,0.0,35.88433782831102,0.0,0.0,15.899979629038278,7.417540992848984,38.05148486738808,21.21692447493059,0.0,0.0,0.0,0.0,0.0,23.045740501858084,0.0,0.0,0.0,0.0,46.48714789144601,3.675163029053678,2.07318615592348,18.47163029228085,0.0,0.0,0.0,0.0,0.0,0.0,0.0,0.0,0.0,0.0,0.0,0.0,0.0,0.0,0.0,0.0,3.81479264257176,0.0,0.0,0.0,0.0,0.0,0.0,0.0,0.0,0.0,0.0,0.0,0.0,0.0,0.0,0.0,0.0,0.0,0.0,0.0,0.0,0.0,0.0,0.0,0.0,0.0,0.0,0.0,0.0,0.0
강릉,0.0,0.0,0.0,0.0,0.0,0.0,0.0,0.0,0.0,0.0,0.0,0.0,0.0,0.0,0.0,0.0,0.0,0.0,0.0,0.0,0.0,0.0,0.0,0.0,0.0,0.0,0.0,0.0,0.0,0.0,0.0,0.0,0.0,0.0,0.0,0.0,0.0,0.0,0.0,0.0,0.0,0.0,0.0,0.0,0.0,0.0,0.0,0.0,0.0,0.0,0.0,0.0,0.0,0.0,0.0,0.0,0.0,0.0,0.0,0.0,0.0,0.0,0.0,0.0,0.0,0.0,0.0,0.0,0.0,0.0,0.0,0.0,0.0,0.0,4.539471930186444,7.385958061452264,0.0,0.0,0.0,0.0,0.0,0.0,8.046000000456537,0.0,0.0,0.0,0.0,0.0,0.0,0.0,0.0,0.0,0.0,0.0,0.0,0.0,0.0,0.0,0.0,0.0
양산,0.0,33.28574445642685,0.0,0.0,0.0,0.0,14.297181746976307,0.0,0.0,0.0,0.0,0.0,17.475107772440047,0.0,0.0,0.0,0.0,0.0,0.0,0.0,0.0,0.0,34.176805859660575,0.0,0.0,0.0,0.0,0.0,0.0,0.0,0.0,0.0,0.0,0.0,0.0,0.0,0.0,0.0,0.0,0.0,0.0,0.0,0.0,0.0,0.0,0.0,0.0,0.0,0.0,0.0,0.0,0.0,0.0,0.0,0.0,0.0,0.0,0.0,0.0,0.0,0.0,0.0,0.0,0.0,0.0,0.0,0.0,0.0,0.0,0.0,0.0,0.0,0.0,0.0,0.0,0.0,0.0,0.0,0.0,0.0,0.0,0.0,0.0,0.0,0.0,0.0,0.0,0.0,0.0,18.296222761628584,0.0,0.0,5.634851495600245,0.0,0.0,0.0,0.0,0.0,0.0,0.0
광명,36.01580930907064,0.0,0.0,35.552079229125695,0.0,0.0,0.0,0.0,22.27980110130689,26.1312109797559,29.660588865371498,11.96451324932712,0.0,0.0,0.0,0.0,32.47973173666499,37.80732290894091,14.397055513611008,40.36678282344474,19.020509432737825,0.0,0.0,0.0,0.0,0.0,0.0,0.0,0.0,0.0,35.88433782831102,0.0,0.0,0.0,0.0,0.0,29.717726879692307,17.496616845402286,37.8071535211841,14.793467226228998,0.0,0.0,0.0,0.0,0.0,8.931462561376726,0.0,0.0,0.0,0.0,32.75226482013632,17.60234087222173,12.322861564151694,18.48610398404619,0.0,0.0,0.0,0.0,0.0,0.0,0.0,0.0,0.0,0.0,0.0,0.0,0.0,0.0,0.0,0.0,0.0,0.0,0.0,0.0,0.0,0.0,0.0,0.0,0.0,0.0,0.0,0.0,0.0,0.0,0.0,0.0,0.0,0.0,0.0,0.0,0.0,0.0,0.0,0.0,0.0,0.0,0.0,0.0,0.0,0.0
구미,0.0,0.0,14.03157529707115,0.0,0.0,0.0,0.0,0.0,0.0,0.0,0.0,0.0,0.0,0.0,0.0,0.0,0.0,0.0,0.0,0.0,0.0,0.0,0.0,0.0,0.0,0.0,0.0,0.0,0.0,1.5043085488298402,0.0,0.0,0.0,0.0,0.0,0.0,0.0,0.0,0.0,0.0,0.0,0.0,0.0,0.0,0.0,0.0,0.0,0.0,0.0,0.0,0.0,0.0,0.0,0.0,29.09052633290754,0.0,0.0,0.0,0.0,0.0,0.0,0.0,0.0,0.0,13.249961361380919,0.0,0.0,0.0,0.0,0.0,0.0,0.0,0.0,0.0,0.0,0.0,0.0,0.0,0.0,0.0,0.0,0.0,0.0,0.0,0.0,0.0,0.0,0.0,0.0,0.0,0.0,0.0,0.0,9.096074928558565,0.0,0.0,0.0,0.0,0.0,0.0
순천,0.0,0.0,0.0,0.0,0.0,0.0,0.0,0.0,0.0,0.0,0.0,0.0,0.0,0.0,0.0,0.0,0.0,0.0,0.0,0.0,0.0,0.0,0.0,0.0,0.0,0.0,0.0,0.0,0.0,0.0,0.0,0.0,0.0,0.0,0.0,0.0,0.0,0.0,0.0,0.0,0.0,0.0,0.0,0.0,0.0,0.0,23.524964808320398,0.0,0.0,0.0,0.0,0.0,0.0,0.0,0.0,0.0,0.0,0.0,0.0,0.0,0.0,0.0,0.0,0.0,0.0,0.0,0.0,0.0,30.930691756931388,0.0,0.0,0.0,0.0,0.0,0.0,0.0,0.0,0.0,7.734130337881524,10.89933961962928,0.0,0.0,0.0,0.0,0.0,0.0,0.0,0.0,0.0,0.0,0.0,0.0,0.0,0.0,0.0,0.0,0.0,0.0,0.0,9.15154515003048
김포,26.223031674656404,0.0,0.0,32.35026947494103,0.0,0.0,0.0,0.0,2.1651061089600248,7.7369143797705675,38.673605041721544,0.0,0.0,0.0,0.0,0.0,15.903010333895224,17.52505603437733,5.738841601505314,37.035642238985545,2.7603679436340656,0.0,0.0,0.0,0.0,0.0,0.0,0.0,0.0,0.0,15.899979629038278,0.0,0.0,29.717726879692307,0.0,0.0,0.0,18.817505721685084,22.81141109733953,0.0,0.0,6.075112532466129,0.0,0.0,0.0,0.0,0.0,0.0,0.0,0.0,12.598016843052399,33.101574052203674,15.319000069666465,5.177621407768868,0.0,0.0,0.0,0.0,0.0,0.0,0.0,0.0,0.0,0.0,0.0,0.0,0.0,0.0,0.0,0.0,0.0,0.0,0.0,0.0,0.0,0.0,0.0,0.0,0.0,0.0,0.0,0.0,0.0,0.0,0.0,0.0,0.0,0.0,0.0,0.0,0.0,0.0,0.0,0.0,0.0,0.0,0.0,0.0,0.0,0.0
의정부,30.332302836311868,0.0,0.0,7.3467987162652335,0.0,0.0,0.0,0.0,0.0,13.77505479705632,30.141614301116714,0.0,0.0,0.0,0.0,0.0,0.45406370964879983,11.243678748259903,30.28509903216338,14.74515043608504,0.0,0.0,0.0,0.0,0.0,0.0,0.0,0.0,0.0,0.0,7.417540992848984,0.0,0.0,17.496616845402286,0.0,0.0,18.817505721685084,0.0,5.304708552097345,8.586633931168564,0.0,31.746159358811468,0.0,0.0,0.0,0.0,0.0,0.0,0.0,0.0,5.943180626952795,27.081253982760742,44.65553352527495,22.779837214537242,0.0,0.0,0.0,0.0,0.0,0.0,0.0,0.0,0.0,0.0,0.0,0.0,0.0,0.0,0.0,27.264146575431173,0.0,1.532293656124999,0.0,0.0,0.0,0.0,0.0,0.0,0.0,0.0,0.0,0.0,0.0,0.0,10.163739820025569,0.0,0.0,0.0,0.0,0.0,0.0,0.0,0.0,0.0,0.0,0.0,0.0,0.0,0.0,0.0
시흥,24.110371209050733,0.0,0.0,37.9401354154016,0.0,0.0,0.0,0.0,26.13430244348761,20.94093366890976,18.989008998904858,13.324356493930892,0.0,0.0,0.0,0.0,43.06853988735132,36.21720009468446,3.6417606320185527,35.75346351290848,29.805430084631308,0.0,0.0,0.24864298912851268,0.0,0.0,0.0,0.0,0.0,0.0,38.05148486738808,0.0,0.0,37.8071535211841,0.0,0.0,22.81141109733953,5.304708552097345,0.0,9.774031004870132,0.0,0.0,0.0,0.0,0.0,14.67889163432973,0.0,0.0,0.0,0.0,34.79579666975354,7.767109200975007,0.14287419475328988,9.487675668117767,0.0,0.0,0.0,0.0,0.0,0.0,0.0,0.0,0.0,0.0,0.0,0.0,0.0,0.0,0.0,0.0,0.0,0.0,0.0,0.0,0.0,0.0,0.0,0.0,0.0,0.0,0.0,0.0,0.0,0.0,0.0,0.0,0.0,0.0,0.0,0.0,0.0,0.0,0.0,0.0,0.0,0.0,0.0,0.0,0.0,0.0
광주(경기),19.917926597679248,0.0,0.0,1.0602155234385364,0.0,0.0,0.0,0.0,24.23860141507172,38.55909508197814,3.4945317297399754,30.122365951364902,0.0,0.0,0.0,0.0,11.202387057484735,23.54529734297291,24.5990124318333,5.203150574487324,5.7886541572920365,0.0,0.0,1.6845418792648488,0.0,0.0,0.0,0.0,0.0,0.0,21.21692447493059,0.0,0.0,14.793467226228998,0.0,0.0,0.0,8.586633931168564,9.774031004870132,0.0,0.0,0.0,0.0,0.0,0.0,16.462690887763294,0.0,0.0,0.0,0.0,23.58856152076162,0.0,4.344435868369821,35.11646274339109,0.0,0.0,0.0,0.0,0.0,0.0,0.0,0.0,0.0,0.0,0.0,0.0,0.0,0.0,0.0,0.0,27.81085870151463,27.513262588413426,0.0,0.0,0.0,0.0,0.0,0.0,0.0,0.0,0.0,0.0,0.0,0.0,0.0,0.0,0.0,0.0,0.0,0.0,0.0,0.0,0.0,0.0,0.0,0.0,0.0,0.0,0.0,0.0
음성,0.0,0.0,0.0,0.0,0.0,0.0,0.0,0.0,0.0,0.0,0.0,0.0,0.0,12.443351258698407,0.0,0.0,0.0,0.0,0.0,0.0,0.0,0.0,0.0,0.0,0.0,0.8767909725360639,0.0,0.0,0.0,0.0,0.0,0.0,0.0,0.0,0.0,0.0,0.0,0.0,0.0,0.0,0.0,0.0,0.0,0.0,0.0,0.0,0.0,0.0,0.0,0.0,0.0,0.0,0.0,0.0,0.0,0.0,28.17366360719134,0.0,0.0,0.0,0.2710808738241255,0.0,0.0,0.0,0.0,0.0,0.0,0.0,0.0,0.0,6.5559197518460905,0.0,0.0,0.0,0.0,0.0,0.0,0.0,0.0,0.0,0.0,0.0,0.0,0.0,0.0,0.0,0.0,0.0,0.0,0.0,0.0,0.0,0.0,0.0,0.0,0.0,0.0,0.0,0.0,0.0
동두천,12.151117066129252,0.0,0.0,0.0,0.0,0.0,0.0,0.0,0.0,0.0,16.378878147247633,0.0,0.0,0.0,0.0,0.0,0.0,0.0,17.502746921222382,0.0,0.0,0.0,0.0,0.0,0.0,0.0,0.0,0.0,0.0,0.0,0.0,0.0,0.0,0.0,0.0,0.0,6.075112532466129,31.746159358811468,0.0,0.0,0.0,0.0,0.0,0.0,0.0,0.0,0.0,0.0,0.0,0.0,0.0,20.39687601103939,37.07182409586667,7.599650307635478,0.0,0.0,0.0,0.0,0.0,0.0,0.0,0.0,0.0,0.0,0.0,0.0,0.0,0.0,0.0,37.664656131803376,0.0,0.0,0.0,0.0,0.0,0.0,0.0,0.0,0.0,0.0,0.0,0.0,0.0,14.81761151321983,28.39424833358799,0.0,0.0,0.0,0.0,0.0,0.0,0.0,0.0,0.0,0.0,0.0,0.0,0.0,0.0,0.0
목포,0.0,0.0,0.0,0.0,0.0,0.0,0.0,0.0,0.0,0.0,0.0,0.0,0.0,0.0,0.0,0.0,0.0,0.0,0.0,0.0,0.0,0.0,0.0,0.0,0.0,0.0,0.0,0.0,0.0,0.0,0.0,0.0,0.0,0.0,0.0,0.0,0.0,0.0,0.0,0.0,0.0,0.0,0.0,0.0,0.0,0.0,0.0,0.0,0.0,0.0,0.0,0.0,0.0,0.0,0.0,0.0,0.0,0.0,11.680058275587612,0.0,0.0,0.0,0.0,0.0,0.0,0.0,0.0,0.0,0.0,0.0,0.0,0.0,0.0,0.0,0.0,0.0,0.0,0.0,0.0,0.0,0.0,0.0,0.0,0.0,0.0,0.0,0.0,0.0,0.0,0.0,0.0,0.0,0.0,0.0,0.0,0.0,0.0,0.0,0.0,0.0
속초,0.0,0.0,0.0,0.0,0.0,0.0,0.0,0.0,0.0,0.0,0.0,0.0,0.0,0.0,0.0,0.0,0.0,0.0,0.0,0.0,0.0,0.0,0.0,0.0,0.0,0.0,0.0,0.0,0.0,0.0,0.0,0.0,0.0,0.0,0.0,0.0,0.0,0.0,0.0,0.0,0.0,0.0,0.0,0.0,0.0,0.0,0.0,0.0,0.0,0.0,0.0,0.0,0.0,0.0,0.0,0.0,0.0,0.0,0.0,0.0,0.0,0.0,0.0,0.0,0.0,0.0,0.0,0.0,0.0,0.0,0.0,0.0,0.0,0.0,0.0,0.0,0.0,0.0,0.0,0.0,0.0,0.0,34.97874914350216,0.0,0.0,0.0,9.996986087907544,0.0,0.0,0.0,0.0,0.0,0.0,0.0,0.0,0.0,0.0,0.0,0.0,0.0
사천,0.0,0.0,0.0,0.0,0.0,0.0,0.0,0.0,0.0,0.0,0.0,0.0,0.0,0.0,0.0,0.0,0.0,0.0,0.0,0.0,0.0,0.0,0.0,0.0,30.04272181008079,0.0,0.0,0.0,0.0,0.0,0.0,0.0,0.0,0.0,0.0,0.0,0.0,0.0,0.0,0.0,0.0,0.0,0.0,0.0,0.0,0.0,4.396914936883363,0.0,0.0,0.0,0.0,0.0,0.0,0.0,0.0,0.0,0.0,0.0,0.0,0.0,0.0,0.0,0.0,0.0,0.0,0.0,0.0,0.0,15.653141988492216,0.0,0.0,0.0,0.0,0.0,0.0,0.0,0.0,0.0,0.0,25.730940065413535,12.435197975994342,26.14200375694933,0.0,0.0,0.0,0.0,0.0,0.0,0.0,0.0,7.04208593335634,0.0,0.0,0.0,0.0,0.0,0.0,0.0,0.0,0.0
오산,2.5219191158121887,0.0,0.0,2.629979740247876,0.0,0.0,0.0,0.0,36.33133211315137,19.0853861690748,0.0,35.75731650461089,0.0,0.0,0.0,13.167818066159782,21.04272405161498,20.557034055759935,0.0,1.6747068318783462,27.849991604529986,0.0,0.0,33.22449215186826,0.0,0.0,10.409184497940473,0.0,0.0,0.0,23.045740501858084,0.0,0.0,8.931462561376726,0.0,0.0,0.0,0.0,14.67889163432973,16.462690887763294,0.0,0.0,0.0,0.0,0.0,0.0,0.0,0.0,0.0,0.0,26.05743345323743,0.0,0.0,4.4577520620687,0.0,0.0,0.0,0.0,0.0,0.0,0.0,0.0,0.0,0.0,0.0,0.0,0.0,0.0,0.0,0.0,13.510960848781465,0.0,0.0,0.0,0.0,0.0,0.0,0.0,0.0,0.0,0.0,0.0,0.0,0.0,0.0,0.0,0.0,0.0,0.0,0.0,0.0,0.0,0.0,0.0,0.0,0.0,0.0,0.0,0.0,0.0
여수,0.0,0.0,0.0,0.0,0.0,0.0,0.0,0.0,0.0,0.0,0.0,0.0,0.0,0.0,0.0,0.0,0.0,0.0,0.0,0.0,0.0,0.0,0.0,0.0,0.0,0.0,0.0,0.0,0.0,0.0,0.0,0.0,0.0,0.0,0.0,23.524964808320398,0.0,0.0,0.0,0.0,0.0,0.0,0.0,0.0,4.396914936883363,0.0,0.0,0.0,0.0,0.0,0.0,0.0,0.0,0.0,0.0,0.0,0.0,0.0,0.0,0.0,0.0,0.0,0.0,0.0,0.0,0.0,0.0,0.0,29.761858217108017,0.0,0.0,0.0,0.0,0.0,0.0,0.0,0.0,0.0,11.69246281209508,27.284749667836323,0.0,0.0,0.0,0.0,0.0,0.0,0.0,0.0,0.0,0.0,0.0,0.0,0.0,0.0,0.0,0.0,0.0,0.0,0.0,0.0
경주,0.0,0.0,0.0,0.0,0.0,0.0,13.876437469545372,0.0,0.0,0.0,0.0,0.0,0.0,0.0,0.0,0.0,0.0,0.0,0.0,0.0,0.0,28.99472930068977,0.0,0.0,0.0,0.0,0.0,0.0,0.0,6.254333675731232,0.0,0.0,0.0,0.0,0.0,0.0,0.0,0.0,0.0,0.0,0.0,0.0,0.0,0.0,0.0,0.0,0.0,0.0,0.0,0.0,0.0,0.0,0.0,0.0,0.0,0.0,0.0,0.0,0.0,0.0,0.0,0.0,0.0,0.0,0.0,20.93680342685885,0.0,0.0,0.0,0.0,0.0,0.0,0.0,0.0,0.0,0.0,0.0,0.0,0.0,0.0,0.0,0.0,0.0,0.0,0.0,0.0,0.0,0.0,0.0,0.0,0.0,0.0,0.11784052247127619,0.0,0.0,0.0,0.0,0.0,0.0,0.0
군산,0.0,0.0,0.0,0.0,0.0,0.0,0.0,0.0,0.0,0.0,0.0,0.0,0.0,0.0,9.45228870582956,0.0,0.0,0.0,0.0,0.0,0.0,0.0,0.0,0.0,0.0,0.0,0.0,29.93842814564605,0.0,0.0,0.0,0.0,0.0,0.0,0.0,0.0,0.0,0.0,0.0,0.0,0.0,0.0,0.0,0.0,0.0,0.0,0.0,0.0,0.0,0.0,0.0,0.0,0.0,0.0,0.0,4.5153909959446565,0.0,0.0,0.0,0.0,0.0,5.66425201901712,0.0,0.0,0.0,0.0,0.0,8.513685216720205,0.0,0.0,0.0,0.0,0.0,0.0,0.0,0.0,0.0,0.0,0.0,0.0,0.0,0.0,0.0,0.0,0.0,0.0,0.0,0.0,0.0,0.0,0.0,0.0,0.0,0.0,0.0,0.0,0.0,0.0,0.0,0.0
서산,0.0,0.0,0.0,0.0,0.0,0.0,0.0,0.0,0.0,0.0,0.0,0.0,0.0,0.0,0.0,0.0,0.0,0.0,0.0,0.0,0.0,0.0,0.0,0.0,0.0,0.0,0.6329259205537525,0.0,0.0,0.0,0.0,0.0,0.0,0.0,0.0,0.0,0.0,0.0,0.0,0.0,0.0,0.0,0.0,0.0,0.0,0.0,0.0,0.0,0.0,0.0,0.0,0.0,0.0,0.0,0.0,0.0,0.0,0.0,0.0,0.0,0.0,0.10180005004751536,0.0,0.0,0.0,0.0,0.0,0.0,0.0,0.0,0.0,0.0,22.242623482825582,12.893328917262792,0.0,0.0,0.0,0.0,0.0,0.0,0.0,0.0,0.0,0.0,0.0,0.0,0.0,0.0,0.0,0.0,0.0,0.0,0.0,0.0,0.0,0.0,0.0,0.0,0.0,0.0
의왕,25.356274135208775,0.0,0.0,23.634620549323987,0.0,0.0,0.0,0.0,39.52726835941664,33.646171486004,13.15456520349862,28.15167535347739,0.0,0.0,0.0,0.0,37.591519811323735,44.39555898508491,10.898294633002934,24.618942616661595,29.826433860906665,0.0,0.0,9.717725071968246,0.0,0.0,0.0,0.0,0.0,0.0,46.48714789144601,0.0,0.0,32.75226482013632,0.0,0.0,12.598016843052399,5.943180626952795,34.79579666975354,23.58856152076162,0.0,0.0,0.0,0.0,0.0,26.05743345323743,0.0,0.0,0.0,0.0,0.0,0.8529025744316172,0.6093373012862884,19.314054373241618,0.0,0.0,0.0,0.0,0.0,0.0,0.0,0.0,0.0,0.0,0.0,0.0,0.0,0.0,0.0,0.0,7.022969320047089,1.2353203928216274,0.0,0.0,0.0,0.0,0.0,0.0,0.0,0.0,0.0,0.0,0.0,0.0,0.0,0.0,0.0,0.0,0.0,0.0,0.0,0.0,0.0,0.0,0.0,0.0,0.0,0.0,0.0,0.0
파주,22.04328034362448,0.0,0.0,15.744721289804296,0.0,0.0,0.0,0.0,0.0,1.161093877751469,37.66405076554488,0.0,0.0,0.0,0.0,0.0,1.136958563736144,6.3603366816326385,8.706409367222413,21.633491176959076,0.0,0.0,0.0,0.0,0.0,0.0,0.0,0.0,0.0,0.0,3.675163029053678,0.0,0.0,17.60234087222173,0.0,0.0,33.101574052203674,27.081253982760742,7.767109200975007,0.0,0.0,20.39687601103939,0.0,0.0,0.0,0.0,0.0,0.0,0.0,0.0,0.8529025744316172,0.0,25.993232087992546,4.155437301344122,0.0,0.0,0.0,0.0,0.0,0.0,0.0,0.0,0.0,0.0,0.0,0.0,0.0,0.0,0.0,9.691054684086161,0.0,0.0,0.0,0.0,0.0,0.0,0.0,0.0,0.0,0.0,0.0,0.0,0.0,0.0,4.357642589136418,0.0,0.0,0.0,0.0,0.0,0.0,0.0,0.0,0.0,0.0,0.0,0.0,0.0,0.0,0.0
양주,24.993811593609575,0.0,0.0,2.7087409169469012,0.0,0.0,0.0,0.0,0.0,8.853044148285235,26.48379749654297,0.0,0.0,0.0,0.0,0.0,0.0,5.900423607461136,27.60174922956421,10.083240179664841,0.0,0.0,0.0,0.0,0.0,0.0,0.0,0.0,0.0,0.0,2.07318615592348,0.0,0.0,12.322861564151694,0.0,0.0,15.319000069666465,44.65553352527495,0.14287419475328988,4.344435868369821,0.0,37.07182409586667,0.0,0.0,0.0,0.0,0.0,0.0,0.0,0.0,0.6093373012862884,25.993232087992546,0.0,18.90683407808826,0.0,0.0,0.0,0.0,0.0,0.0,0.0,0.0,0.0,0.0,0.0,0.0,0.0,0.0,0.0,31.769187854827063,0.0,0.0,0.0,0.0,0.0,0.0,0.0,0.0,0.0,0.0,0.0,0.0,0.0,3.4790820721210025,15.47238861861726,0.0,0.0,0.0,0.0,0.0,0.0,0.0,0.0,0.0,0.0,0.0,0.0,0.0,0.0,0.0
하남,28.911461416515383,0.0,0.0,4.057186649921064,0.0,0.0,0.0,0.0,15.267777501077667,34.67354935606649,13.752185489012952,16.745958852484186,0.0,0.0,0.0,0.0,8.369932465049637,22.116437374287255,39.2654715386356,9.92756434252653,0.0,0.0,0.0,0.0,0.0,0.0,0.0,0.0,0.0,0.0,18.47163029228085,0.0,0.0,18.48610398404619,0.0,0.0,5.177621407768868,22.779837214537242,9.487675668117767,35.11646274339109,0.0,7.599650307635478,0.0,0.0,0.0,4.4577520620687,0.0,0.0,0.0,0.0,19.314054373241618,4.155437301344122,18.90683407808826,0.0,0.0,0.0,0.0,0.0,0.0,0.0,0.0,0.0,0.0,0.0,0.0,0.0,0.0,0.0,0.0,10.545538503953416,14.644959038458566,25.315460030112018,0.0,0.0,0.0,0.0,0.0,0.0,0.0,0.0,0.0,0.0,0.0,0.0,0.0,0.0,0.0,0.0,0.0,0.0,0.0,0.0,0.0,0.0,0.0,0.0,0.0,0.0,0.0,0.0
김천,0.0,0.0,0.0,0.0,0.0,0.0,0.0,0.0,0.0,0.0,0.0,0.0,0.0,0.0,0.0,0.0,0.0,0.0,0.0,0.0,0.0,0.0,0.0,0.0,0.0,0.0,0.0,0.0,0.0,0.0,0.0,0.0,0.0,0.0,29.09052633290754,0.0,0.0,0.0,0.0,0.0,0.0,0.0,0.0,0.0,0.0,0.0,0.0,0.0,0.0,0.0,0.0,0.0,0.0,0.0,0.0,0.0,0.0,0.0,0.0,0.0,0.0,0.0,0.0,0.0,19.069456618145928,0.0,0.0,0.0,0.0,0.0,0.0,0.0,0.0,0.0,0.0,0.0,0.0,0.0,0.0,0.0,0.0,0.0,0.0,0.0,0.0,0.0,0.0,0.0,0.0,0.0,0.0,0.0,0.0,0.0,0.0,0.0,0.0,20.01625274987158,0.0,0.0
정읍,0.0,0.0,0.0,0.0,4.611345810653674,0.0,0.0,0.0,0.0,0.0,0.0,0.0,0.0,0.0,11.18268812179491,0.0,0.0,0.0,0.0,0.0,0.0,0.0,0.0,0.0,0.0,0.0,0.0,6.789644308745331,0.0,0.0,0.0,0.0,0.0,0.0,0.0,0.0,0.0,0.0,0.0,0.0,0.0,0.0,0.0,0.0,0.0,0.0,0.0,0.0,4.5153909959446565,0.0,0.0,0.0,0.0,0.0,0.0,0.0,0.0,0.0,0.0,0.0,0.0,0.0,0.0,0.0,0.0,0.0,0.0,0.0,0.0,0.0,0.0,0.0,0.0,0.0,0.0,0.0,0.0,5.2028693128596615,0.0,0.0,0.0,0.0,0.0,0.0,0.0,0.0,0.0,0.0,0.0,0.0,0.0,0.0,0.0,0.0,0.0,0.0,0.0,0.0,0.0,0.0
충주,0.0,0.0,0.0,0.0,0.0,0.0,0.0,0.0,0.0,0.0,0.0,0.0,0.0,0.0,0.0,0.0,0.0,0.0,0.0,0.0,0.0,0.0,0.0,0.0,0.0,8.75976117904819,0.0,0.0,0.0,0.0,0.0,0.0,0.0,0.0,0.0,0.0,0.0,0.0,0.0,0.0,28.17366360719134,0.0,0.0,0.0,0.0,0.0,0.0,0.0,0.0,0.0,0.0,0.0,0.0,0.0,0.0,0.0,0.0,0.0,0.0,0.0,20.52340927051341,0.0,0.0,1.603195622483966,0.0,0.0,0.0,0.0,0.0,0.0,0.0,0.0,0.0,0.0,0.0,0.0,0.0,0.0,0.0,0.0,0.0,0.0,0.0,0.0,0.0,0.0,0.0,0.0,0.0,0.0,0.0,0.0,0.0,0.0,0.0,0.0,0.0,0.0,0.0,0.0
거제,0.0,0.0,0.0,0.0,0.0,0.0,0.0,0.0,0.0,0.0,0.0,0.0,11.07086838890423,0.0,0.0,0.0,0.0,0.0,0.0,0.0,0.0,0.0,4.337832369453089,0.0,0.0,0.0,0.0,0.0,0.0,0.0,0.0,0.0,0.0,0.0,0.0,0.0,0.0,0.0,0.0,0.0,0.0,0.0,0.0,0.0,0.0,0.0,0.0,0.0,0.0,0.0,0.0,0.0,0.0,0.0,0.0,0.0,0.0,0.0,0.0,0.0,0.0,0.0,0.0,0.0,0.0,0.0,0.0,0.0,0.0,0.0,0.0,0.0,0.0,0.0,0.0,0.0,0.0,0.0,0.0,0.0,32.5662064340726,20.88060176111909,0.0,0.0,0.0,0.0,0.0,0.0,0.0,0.0,2.20037310039573,0.0,0.0,0.0,0.0,0.0,0.0,0.0,0.0,0.0
나주,0.0,0.0,0.0,0.0,31.070296133997463,0.0,0.0,0.0,0.0,0.0,0.0,0.0,0.0,0.0,0.0,0.0,0.0,0.0,0.0,0.0,0.0,0.0,0.0,0.0,0.0,0.0,0.0,0.0,0.0,0.0,0.0,0.0,0.0,0.0,0.0,0.0,0.0,0.0,0.0,0.0,0.0,0.0,11.680058275587612,0.0,0.0,0.0,0.0,0.0,0.0,0.0,0.0,0.0,0.0,0.0,0.0,0.0,0.0,0.0,0.0,0.0,0.0,0.0,0.0,0.0,0.0,0.0,0.0,0.0,0.0,0.0,0.0,0.0,0.0,0.0,0.0,0.0,0.0,16.70871959394092,0.0,0.0,0.0,0.0,0.0,0.0,0.0,0.0,0.0,0.0,0.0,0.0,0.0,0.0,0.0,0.0,0.0,0.0,0.0,0.0,0.0,0.0
안동,0.0,0.0,0.0,0.0,0.0,0.0,0.0,0.0,0.0,0.0,0.0,0.0,0.0,0.0,0.0,0.0,0.0,0.0,0.0,0.0,0.0,0.0,0.0,0.0,0.0,0.0,0.0,0.0,0.0,0.0,0.0,0.0,0.0,0.0,0.0,0.0,0.0,0.0,0.0,0.0,0.0,0.0,0.0,0.0,0.0,0.0,0.0,0.0,0.0,0.0,0.0,0.0,0.0,0.0,0.0,0.0,0.0,0.0,0.0,0.0,0.0,0.0,0.0,1.8231489647563563,0.0,0.0,21.957870419280844,0.0,0.0,0.0,0.0,0.0,0.0,0.0,0.0,0.0,0.0,0.0,0.0,0.0,0.0,0.0,0.0,0.0,0.0,0.0,0.0,0.0,0.0,0.0,0.0,0.0,0.0,26.133593689017957,23.646911123525655,13.72829701289944,0.0,0.0,0.0,0.0
제천,0.0,0.0,0.0,0.0,0.0,0.0,0.0,0.0,0.0,0.0,0.0,0.0,0.0,0.0,0.0,0.0,0.0,0.0,0.0,0.0,0.0,0.0,0.0,0.0,0.0,16.389655669500748,0.0,0.0,0.0,0.0,0.0,0.0,0.0,0.0,0.0,0.0,0.0,0.0,0.0,0.0,0.2710808738241255,0.0,0.0,0.0,0.0,0.0,0.0,0.0,0.0,0.0,0.0,0.0,0.0,0.0,0.0,0.0,20.52340927051341,0.0,0.0,0.0,0.0,0.0,0.0,0.0,0.0,0.0,0.0,0.0,0.0,0.0,0.0,0.0,0.0,0.0,0.32973686309954786,0.0,0.0,0.0,0.0,0.0,0.0,0.0,0.0,0.0,0.0,0.0,0.0,0.0,0.0,0.0,0.0,0.0,0.0,0.0,0.0,0.0,0.0,0.0,0.0,0.0
보령,0.0,0.0,0.0,0.0,0.0,0.0,0.0,0.0,0.0,0.0,0.0,0.0,0.0,0.0,0.0,0.0,0.0,0.0,0.0,0.0,0.0,0.0,0.0,0.0,0.0,0.0,0.0,0.0,0.0,0.0,0.0,0.0,0.0,0.0,0.0,0.0,0.0,0.0,0.0,0.0,0.0,0.0,0.0,0.0,0.0,0.0,0.0,0.0,5.66425201901712,0.10180005004751536,0.0,0.0,0.0,0.0,0.0,0.0,0.0,0.0,0.0,0.0,0.0,0.0,1.8395135266830493,0.0,0.0,0.0,0.0,1.8210578125101478,0.0,0.0,0.0,0.0,21.582093910848254,7.368722716878544,0.0,0.0,0.0,0.0,0.0,0.0,0.0,0.0,0.0,0.0,0.0,0.0,0.0,0.0,0.0,0.0,0.0,0.0,0.0,0.0,0.0,0.0,0.0,0.0,0.0,0.0
공주,0.0,0.0,0.0,0.0,0.0,23.926790928023568,0.0,34.28472865552469,0.0,0.0,0.0,0.0,0.0,10.344278176757449,0.0,9.038162750215221,0.0,0.0,0.0,0.0,0.0,0.0,0.0,0.0,0.0,0.0,10.171786253557038,0.0,0.0,0.0,0.0,0.0,0.0,0.0,0.0,0.0,0.0,0.0,0.0,0.0,0.0,0.0,0.0,0.0,0.0,0.0,0.0,0.0,0.0,0.0,0.0,0.0,0.0,0.0,0.0,0.0,0.0,0.0,0.0,0.0,0.0,1.8395135266830493,0.0,0.0,0.0,0.0,0.0,22.57113657468165,0.0,0.0,0.0,0.0,5.536116804987159,14.385423370927128,0.0,0.0,0.0,0.0,0.0,0.0,0.0,0.0,0.0,0.0,0.0,0.0,0.0,0.0,0.0,0.0,0.0,0.0,0.0,0.0,0.0,0.0,0.0,0.0,0.0,0.0
문경,0.0,0.0,0.0,0.0,0.0,0.0,0.0,0.0,0.0,0.0,0.0,0.0,0.0,0.0,0.0,0.0,0.0,0.0,0.0,0.0,0.0,0.0,0.0,0.0,0.0,0.0,0.0,0.0,0.0,0.0,0.0,0.0,0.0,0.0,0.0,0.0,0.0,0.0,0.0,0.0,0.0,0.0,0.0,0.0,0.0,0.0,0.0,0.0,0.0,0.0,0.0,0.0,0.0,0.0,0.0,0.0,1.603195622483966,0.0,0.0,1.8231489647563563,0.0,0.0,0.0,0.0,30.877585185939267,0.0,3.9931390792738526,0.0,0.0,0.0,0.0,0.0,0.0,0.0,0.0,0.0,0.0,0.0,0.0,0.0,0.0,0.0,0.0,0.0,0.0,0.0,0.0,0.0,0.0,0.0,0.0,0.0,0.0,0.0,25.09274342826399,0.0,0.0,0.0,0.0,0.0
상주,0.0,0.0,0.0,0.0,0.0,0.0,0.0,0.0,0.0,0.0,0.0,0.0,0.0,0.0,0.0,0.0,0.0,0.0,0.0,0.0,0.0,0.0,0.0,0.0,0.0,0.0,0.0,0.0,0.0,0.0,0.0,0.0,0.0,0.0,13.249961361380919,0.0,0.0,0.0,0.0,0.0,0.0,0.0,0.0,0.0,0.0,0.0,0.0,0.0,0.0,0.0,0.0,0.0,0.0,0.0,19.069456618145928,0.0,0.0,0.0,0.0,0.0,0.0,0.0,0.0,30.877585185939267,0.0,0.0,0.0,0.0,0.0,0.0,0.0,0.0,0.0,0.0,0.0,0.0,0.0,0.0,0.0,0.0,0.0,0.0,0.0,0.0,0.0,0.0,0.0,0.0,0.0,0.0,0.0,0.0,0.0,1.3771820647825521,12.694976466378222,0.0,0.0,6.850442746830893,0.0,0.0
영천,0.0,0.0,17.803284220103336,0.0,0.0,0.0,0.0,0.0,0.0,0.0,0.0,0.0,0.0,0.0,0.0,0.0,0.0,0.0,0.0,0.0,0.0,12.982823413856785,0.0,0.0,0.0,0.0,0.0,0.0,0.0,25.908426427091236,0.0,0.0,0.0,0.0,0.0,0.0,0.0,0.0,0.0,0.0,0.0,0.0,0.0,0.0,0.0,0.0,0.0,20.93680342685885,0.0,0.0,0.0,0.0,0.0,0.0,0.0,0.0,0.0,0.0,0.0,0.0,0.0,0.0,0.0,0.0,0.0,0.0,0.0,0.0,0.0,0.0,0.0,0.0,0.0,0.0,0.0,0.0,0.0,0.0,0.0,0.0,0.0,0.0,0.0,0.0,0.0,0.0,0.0,0.0,0.0,0.0,0.0,0.0,9.619923775537046,2.741541454315559,0.0,0.0,0.0,0.0,0.0,0.0
영주,0.0,0.0,0.0,0.0,0.0,0.0,0.0,0.0,0.0,0.0,0.0,0.0,0.0,0.0,0.0,0.0,0.0,0.0,0.0,0.0,0.0,0.0,0.0,0.0,0.0,0.0,0.0,0.0,0.0,0.0,0.0,0.0,0.0,0.0,0.0,0.0,0.0,0.0,0.0,0.0,0.0,0.0,0.0,0.0,0.0,0.0,0.0,0.0,0.0,0.0,0.0,0.0,0.0,0.0,0.0,0.0,0.0,0.0,0.0,21.957870419280844,0.0,0.0,0.0,3.9931390792738526,0.0,0.0,0.0,0.0,0.0,0.0,0.0,0.0,0.0,0.0,0.0,0.0,0.0,0.0,0.0,0.0,0.0,0.0,0.0,0.0,0.0,0.0,0.0,0.0,0.0,0.0,0.0,0.0,0.0,0.0,27.349669409853526,36.31641128880386,0.0,0.0,0.0,0.0
논산,0.0,0.0,0.0,0.0,0.0,19.285250843892598,0.0,14.445224152920893,0.0,0.0,0.0,0.0,0.0,0.0,7.804872913896311,0.0,0.0,0.0,0.0,0.0,0.0,0.0,0.0,0.0,0.0,0.0,0.0,19.40180501018819,0.0,0.0,0.0,0.0,0.0,0.0,0.0,0.0,0.0,0.0,0.0,0.0,0.0,0.0,0.0,0.0,0.0,0.0,0.0,0.0,8.513685216720205,0.0,0.0,0.0,0.0,0.0,0.0,0.0,0.0,0.0,0.0,0.0,0.0,1.8210578125101478,22.57113657468165,0.0,0.0,0.0,0.0,0.0,0.0,0.0,0.0,0.0,0.0,0.0,0.0,0.0,0.0,0.0,0.0,0.0,0.0,0.0,0.0,0.0,0.0,0.0,0.0,0.0,0.0,0.0,0.0,0.0,0.0,0.0,0.0,0.0,0.0,0.0,0.0,0.0
광양,0.0,0.0,0.0,0.0,0.0,0.0,0.0,0.0,0.0,0.0,0.0,0.0,0.0,0.0,0.0,0.0,0.0,0.0,0.0,0.0,0.0,0.0,0.0,0.0,3.995488038220323,0.0,0.0,0.0,0.0,0.0,0.0,0.0,0.0,0.0,0.0,30.930691756931388,0.0,0.0,0.0,0.0,0.0,0.0,0.0,0.0,15.653141988492216,0.0,29.761858217108017,0.0,0.0,0.0,0.0,0.0,0.0,0.0,0.0,0.0,0.0,0.0,0.0,0.0,0.0,0.0,0.0,0.0,0.0,0.0,0.0,0.0,0.0,0.0,0.0,0.0,0.0,0.0,0.0,0.0,0.0,0.0,0.0,28.669384356797675,0.0,0.0,0.0,0.0,0.0,0.0,0.0,0.0,0.0,0.0,0.0,0.0,0.0,0.0,0.0,0.0,0.0,0.0,0.0,0.0
포천,8.650096251863253,0.0,0.0,0.0,0.0,0.0,0.0,0.0,0.0,0.0,8.292634353365386,0.0,0.0,0.0,0.0,0.0,0.0,0.0,21.261548107847577,0.0,0.0,0.0,0.0,0.0,0.0,0.0,0.0,0.0,3.389921179713099,0.0,0.0,0.0,0.0,0.0,0.0,0.0,0.0,27.264146575431173,0.0,0.0,0.0,37.664656131803376,0.0,0.0,0.0,0.0,0.0,0.0,0.0,0.0,0.0,9.691054684086161,31.769187854827063,10.545538503953416,0.0,0.0,0.0,0.0,0.0,0.0,0.0,0.0,0.0,0.0,0.0,0.0,0.0,0.0,0.0,0.0,0.0,0.0,0.0,0.0,0.0,0.0,0.0,0.0,0.0,0.0,0.0,0.0,0.0,20.291321224520587,25.136477261407844,0.0,0.0,0.0,0.0,0.0,0.0,0.0,0.0,0.0,0.0,0.0,0.0,0.0,0.0,0.0
이천,0.0,0.0,0.0,0.0,0.0,0.0,0.0,0.0,12.935025036819397,17.691823708636797,0.0,25.804753482712997,0.0,0.0,0.0,0.0,0.0,4.8275349306892466,5.566969664002158,0.0,0.0,0.0,0.0,5.164470181849502,0.0,7.389686580512738,0.0,0.0,0.0,0.0,3.81479264257176,0.0,0.0,0.0,0.0,0.0,0.0,0.0,0.0,27.81085870151463,6.5559197518460905,0.0,0.0,0.0,0.0,13.510960848781465,0.0,0.0,0.0,0.0,7.022969320047089,0.0,0.0,14.644959038458566,0.0,0.0,0.0,0.0,0.0,0.0,0.0,0.0,0.0,0.0,0.0,0.0,0.0,0.0,0.0,0.0,0.0,26.192689368488075,0.0,0.0,0.0,0.0,0.0,0.0,0.0,0.0,0.0,0.0,0.0,0.0,0.0,0.0,0.0,0.0,0.0,0.0,0.0,0.0,0.0,0.0,0.0,0.0,0.0,0.0,0.0,0.0
양평,4.253535389441538,0.0,0.0,0.0,0.0,0.0,0.0,0.0,2.142158278354451,17.126281593984324,0.0,10.93661690355939,0.0,0.0,0.0,0.0,0.0,1.847155171164161,21.24353692242496,0.0,0.0,0.0,0.0,0.0,0.0,8.199236694258083,0.0,0.0,1.7652510951625757,0.0,0.0,0.0,0.0,0.0,0.0,0.0,0.0,1.532293656124999,0.0,27.513262588413426,0.0,0.0,0.0,0.0,0.0,0.0,0.0,0.0,0.0,0.0,1.2353203928216274,0.0,0.0,25.315460030112018,0.0,0.0,0.0,0.0,0.0,0.0,0.0,0.0,0.0,0.0,0.0,0.0,0.0,0.0,0.0,0.0,26.192689368488075,0.0,0.0,0.0,0.0,0.0,0.0,0.0,0.0,0.0,0.0,0.0,0.0,0.0,0.0,0.0,0.0,0.0,0.0,0.0,0.0,0.0,0.0,0.0,0.0,0.0,0.0,0.0,0.0,0.0
홍성,0.0,0.0,0.0,0.0,0.0,0.0,0.0,0.0,0.0,0.0,0.0,0.0,0.0,0.0,0.0,3.0892325162804752,0.0,0.0,0.0,0.0,0.0,0.0,0.0,0.0,0.0,0.0,12.754403854850139,0.0,0.0,0.0,0.0,0.0,0.0,0.0,0.0,0.0,0.0,0.0,0.0,0.0,0.0,0.0,0.0,0.0,0.0,0.0,0.0,0.0,0.0,22.242623482825582,0.0,0.0,0.0,0.0,0.0,0.0,0.0,0.0,0.0,0.0,0.0,21.582093910848254,5.536116804987159,0.0,0.0,0.0,0.0,0.0,0.0,0.0,0.0,0.0,0.0,31.545822994287846,0.0,0.0,0.0,0.0,0.0,0.0,0.0,0.0,0.0,0.0,0.0,0.0,0.0,0.0,0.0,0.0,0.0,0.0,0.0,0.0,0.0,0.0,0.0,0.0,0.0,0.0
예산,0.0,0.0,0.0,0.0,0.0,0.0,0.0,4.505986030136761,0.0,0.0,0.0,0.0,0.0,0.0,0.0,21.503739811910968,0.0,0.0,0.0,0.0,0.0,0.0,0.0,8.637152774223338,0.0,0.0,30.916349046440388,0.0,0.0,0.0,0.0,0.0,0.0,0.0,0.0,0.0,0.0,0.0,0.0,0.0,0.0,0.0,0.0,0.0,0.0,0.0,0.0,0.0,0.0,12.893328917262792,0.0,0.0,0.0,0.0,0.0,0.0,0.0,0.0,0.0,0.0,0.0,7.368722716878544,14.385423370927128,0.0,0.0,0.0,0.0,0.0,0.0,0.0,0.0,0.0,31.545822994287846,0.0,0.0,0.0,0.0,0.0,0.0,0.0,0.0,0.0,0.0,0.0,0.0,0.0,0.0,0.0,0.0,0.0,0.0,0.0,0.0,0.0,0.0,0.0,0.0,0.0,0.0,0.0
정선,0.0,0.0,0.0,0.0,0.0,0.0,0.0,0.0,0.0,0.0,0.0,0.0,0.0,0.0,0.0,0.0,0.0,0.0,0.0,0.0,0.0,0.0,0.0,0.0,0.0,0.0,0.0,0.0,0.0,0.0,0.0,4.539471930186444,0.0,0.0,0.0,0.0,0.0,0.0,0.0,0.0,0.0,0.0,0.0,0.0,0.0,0.0,0.0,0.0,0.0,0.0,0.0,0.0,0.0,0.0,0.0,0.0,0.0,0.0,0.0,0.0,0.32973686309954786,0.0,0.0,0.0,0.0,0.0,0.0,0.0,0.0,0.0,0.0,0.0,0.0,0.0,0.0,4.657200776569937,12.481509748089124,0.0,0.0,0.0,0.0,0.0,0.0,0.0,0.0,0.0,0.0,0.0,0.0,0.0,0.0,0.0,0.0,0.0,0.0,0.0,0.0,0.0,0.0,0.0
삼척,0.0,0.0,0.0,0.0,0.0,0.0,0.0,0.0,0.0,0.0,0.0,0.0,0.0,0.0,0.0,0.0,0.0,0.0,0.0,0.0,0.0,0.0,0.0,0.0,0.0,0.0,0.0,0.0,0.0,0.0,0.0,7.385958061452264,0.0,0.0,0.0,0.0,0.0,0.0,0.0,0.0,0.0,0.0,0.0,0.0,0.0,0.0,0.0,0.0,0.0,0.0,0.0,0.0,0.0,0.0,0.0,0.0,0.0,0.0,0.0,0.0,0.0,0.0,0.0,0.0,0.0,0.0,0.0,0.0,0.0,0.0,0.0,0.0,0.0,0.0,4.657200776569937,0.0,14.961680487516311,0.0,0.0,0.0,0.0,0.0,0.0,0.0,0.0,0.0,0.0,0.0,0.0,0.0,0.0,0.0,0.0,0.0,0.0,0.0,2.707507471526995,0.0,0.0,0.0
태백,0.0,0.0,0.0,0.0,0.0,0.0,0.0,0.0,0.0,0.0,0.0,0.0,0.0,0.0,0.0,0.0,0.0,0.0,0.0,0.0,0.0,0.0,0.0,0.0,0.0,0.0,0.0,0.0,0.0,0.0,0.0,0.0,0.0,0.0,0.0,0.0,0.0,0.0,0.0,0.0,0.0,0.0,0.0,0.0,0.0,0.0,0.0,0.0,0.0,0.0,0.0,0.0,0.0,0.0,0.0,0.0,0.0,0.0,0.0,0.0,0.0,0.0,0.0,0.0,0.0,0.0,0.0,0.0,0.0,0.0,0.0,0.0,0.0,0.0,12.481509748089124,14.961680487516311,0.0,0.0,0.0,0.0,0.0,0.0,0.0,0.0,0.0,0.0,0.0,0.0,0.0,0.0,0.0,0.0,0.0,0.0,0.0,12.440137738473005,11.454252489936962,0.0,0.0,0.0
영광,0.0,0.0,0.0,0.0,16.15124115116612,0.0,0.0,0.0,0.0,0.0,0.0,0.0,0.0,0.0,0.0,0.0,0.0,0.0,0.0,0.0,0.0,0.0,0.0,0.0,0.0,0.0,0.0,0.0,0.0,0.0,0.0,0.0,0.0,0.0,0.0,0.0,0.0,0.0,0.0,0.0,0.0,0.0,0.0,0.0,0.0,0.0,0.0,0.0,0.0,0.0,0.0,0.0,0.0,0.0,0.0,5.2028693128596615,0.0,0.0,16.70871959394092,0.0,0.0,0.0,0.0,0.0,0.0,0.0,0.0,0.0,0.0,0.0,0.0,0.0,0.0,0.0,0.0,0.0,0.0,0.0,0.0,0.0,0.0,0.0,0.0,0.0,0.0,0.0,0.0,0.0,0.0,0.0,0.0,0.0,0.0,0.0,0.0,0.0,0.0,0.0,0.0,0.0
고흥,0.0,0.0,0.0,0.0,0.0,0.0,0.0,0.0,0.0,0.0,0.0,0.0,0.0,0.0,0.0,0.0,0.0,0.0,0.0,0.0,0.0,0.0,0.0,0.0,0.0,0.0,0.0,0.0,0.0,0.0,0.0,0.0,0.0,0.0,0.0,7.734130337881524,0.0,0.0,0.0,0.0,0.0,0.0,0.0,0.0,0.0,0.0,11.69246281209508,0.0,0.0,0.0,0.0,0.0,0.0,0.0,0.0,0.0,0.0,0.0,0.0,0.0,0.0,0.0,0.0,0.0,0.0,0.0,0.0,0.0,0.0,0.0,0.0,0.0,0.0,0.0,0.0,0.0,0.0,0.0,0.0,0.0,0.0,0.0,0.0,0.0,0.0,0.0,0.0,0.0,0.0,0.0,0.0,0.0,0.0,0.0,0.0,0.0,0.0,0.0,0.0,0.0
남해,0.0,0.0,0.0,0.0,0.0,0.0,0.0,0.0,0.0,0.0,0.0,0.0,0.0,0.0,0.0,0.0,0.0,0.0,0.0,0.0,0.0,0.0,0.0,0.0,7.156732077823918,0.0,0.0,0.0,0.0,0.0,0.0,0.0,0.0,0.0,0.0,10.89933961962928,0.0,0.0,0.0,0.0,0.0,0.0,0.0,0.0,25.730940065413535,0.0,27.284749667836323,0.0,0.0,0.0,0.0,0.0,0.0,0.0,0.0,0.0,0.0,0.0,0.0,0.0,0.0,0.0,0.0,0.0,0.0,0.0,0.0,0.0,28.669384356797675,0.0,0.0,0.0,0.0,0.0,0.0,0.0,0.0,0.0,0.0,0.0,0.5195479194292147,7.878521100044807,0.0,0.0,0.0,0.0,0.0,0.0,0.0,0.0,0.0,0.0,0.0,0.0,0.0,0.0,0.0,0.0,0.0,0.0
통영,0.0,0.0,0.0,0.0,0.0,0.0,0.0,0.0,0.0,0.0,0.0,0.0,2.773418590738686,0.0,0.0,0.0,0.0,0.0,0.0,0.0,0.0,0.0,0.0,0.0,3.2191601439232898,0.0,0.0,0.0,0.0,0.0,0.0,0.0,0.0,0.0,0.0,0.0,0.0,0.0,0.0,0.0,0.0,0.0,0.0,0.0,12.435197975994342,0.0,0.0,0.0,0.0,0.0,0.0,0.0,0.0,0.0,0.0,0.0,0.0,32.5662064340726,0.0,0.0,0.0,0.0,0.0,0.0,0.0,0.0,0.0,0.0,0.0,0.0,0.0,0.0,0.0,0.0,0.0,0.0,0.0,0.0,0.0,0.5195479194292147,0.0,33.42545925726757,0.0,0.0,0.0,0.0,0.0,0.0,0.0,0.0,3.526195432106867,0.0,0.0,0.0,0.0,0.0,0.0,0.0,0.0,0.0
고성,0.0,0.0,0.0,0.0,0.0,0.0,0.0,0.0,0.0,0.0,0.0,0.0,6.777740240785789,0.0,0.0,0.0,0.0,0.0,0.0,0.0,0.0,0.0,0.0,0.0,19.77970871783446,0.0,0.0,0.0,0.0,0.0,0.0,0.0,0.0,0.0,0.0,0.0,0.0,0.0,0.0,0.0,0.0,0.0,0.0,0.0,26.14200375694933,0.0,0.0,0.0,0.0,0.0,0.0,0.0,0.0,0.0,0.0,0.0,0.0,20.88060176111909,0.0,0.0,0.0,0.0,0.0,0.0,0.0,0.0,0.0,0.0,0.0,0.0,0.0,0.0,0.0,0.0,0.0,0.0,0.0,0.0,0.0,7.878521100044807,33.42545925726757,0.0,0.0,0.0,0.0,0.0,0.0,0.0,0.0,0.0,15.955330202933041,0.0,0.0,0.0,0.0,0.0,0.0,0.0,0.0,0.0
양양,0.0,0.0,0.0,0.0,0.0,0.0,0.0,0.0,0.0,0.0,0.0,0.0,0.0,0.0,0.0,0.0,0.0,0.0,0.0,0.0,0.0,0.0,0.0,0.0,0.0,0.0,0.0,0.0,0.0,0.0,0.0,8.046000000456537,0.0,0.0,0.0,0.0,0.0,0.0,0.0,0.0,0.0,0.0,0.0,34.97874914350216,0.0,0.0,0.0,0.0,0.0,0.0,0.0,0.0,0.0,0.0,0.0,0.0,0.0,0.0,0.0,0.0,0.0,0.0,0.0,0.0,0.0,0.0,0.0,0.0,0.0,0.0,0.0,0.0,0.0,0.0,0.0,0.0,0.0,0.0,0.0,0.0,0.0,0.0,0.0,0.0,0.0,0.0,9.845036252335028,0.0,0.0,0.0,0.0,0.0,0.0,0.0,0.0,0.0,0.0,0.0,0.0,0.0
철원,0.0,0.0,0.0,0.0,0.0,0.0,0.0,0.0,0.0,0.0,0.0,0.0,0.0,0.0,0.0,0.0,0.0,0.0,0.0,0.0,0.0,0.0,0.0,0.0,0.0,0.0,0.0,0.0,3.0434872477776054,0.0,0.0,0.0,0.0,0.0,0.0,0.0,0.0,0.0,0.0,0.0,0.0,14.81761151321983,0.0,0.0,0.0,0.0,0.0,0.0,0.0,0.0,0.0,0.0,3.4790820721210025,0.0,0.0,0.0,0.0,0.0,0.0,0.0,0.0,0.0,0.0,0.0,0.0,0.0,0.0,0.0,0.0,20.291321224520587,0.0,0.0,0.0,0.0,0.0,0.0,0.0,0.0,0.0,0.0,0.0,0.0,0.0,0.0,28.325132691674174,15.021443633690808,0.0,0.0,0.0,0.0,0.0,0.0,0.0,0.0,0.0,0.0,0.0,0.0,0.0,0.0
연천,0.0,0.0,0.0,0.0,0.0,0.0,0.0,0.0,0.0,0.0,0.0,0.0,0.0,0.0,0.0,0.0,0.0,0.0,0.0,0.0,0.0,0.0,0.0,0.0,0.0,0.0,0.0,0.0,0.0,0.0,0.0,0.0,0.0,0.0,0.0,0.0,0.0,10.163739820025569,0.0,0.0,0.0,28.39424833358799,0.0,0.0,0.0,0.0,0.0,0.0,0.0,0.0,0.0,4.357642589136418,15.47238861861726,0.0,0.0,0.0,0.0,0.0,0.0,0.0,0.0,0.0,0.0,0.0,0.0,0.0,0.0,0.0,0.0,25.136477261407844,0.0,0.0,0.0,0.0,0.0,0.0,0.0,0.0,0.0,0.0,0.0,0.0,0.0,28.325132691674174,0.0,0.0,0.0,0.0,0.0,0.0,0.0,0.0,0.0,0.0,0.0,0.0,0.0,0.0,0.0,0.0
화천,0.0,0.0,0.0,0.0,0.0,0.0,0.0,0.0,0.0,0.0,0.0,0.0,0.0,0.0,0.0,0.0,0.0,0.0,0.0,0.0,0.0,0.0,0.0,0.0,0.0,0.0,0.0,0.0,25.102339695125067,0.0,0.0,0.0,0.0,0.0,0.0,0.0,0.0,0.0,0.0,0.0,0.0,0.0,0.0,0.0,0.0,0.0,0.0,0.0,0.0,0.0,0.0,0.0,0.0,0.0,0.0,0.0,0.0,0.0,0.0,0.0,0.0,0.0,0.0,0.0,0.0,0.0,0.0,0.0,0.0,0.0,0.0,0.0,0.0,0.0,0.0,0.0,0.0,0.0,0.0,0.0,0.0,0.0,0.0,15.021443633690808,0.0,0.0,9.255182100925197,0.0,0.0,0.0,0.0,0.0,0.0,0.0,0.0,0.0,0.0,0.0,0.0,0.0
인제,0.0,0.0,0.0,0.0,0.0,0.0,0.0,0.0,0.0,0.0,0.0,0.0,0.0,0.0,0.0,0.0,0.0,0.0,0.0,0.0,0.0,0.0,0.0,0.0,0.0,0.0,0.0,0.0,6.126710544345173,0.0,0.0,0.0,0.0,0.0,0.0,0.0,0.0,0.0,0.0,0.0,0.0,0.0,0.0,9.996986087907544,0.0,0.0,0.0,0.0,0.0,0.0,0.0,0.0,0.0,0.0,0.0,0.0,0.0,0.0,0.0,0.0,0.0,0.0,0.0,0.0,0.0,0.0,0.0,0.0,0.0,0.0,0.0,0.0,0.0,0.0,0.0,0.0,0.0,0.0,0.0,0.0,0.0,0.0,9.845036252335028,0.0,0.0,9.255182100925197,0.0,0.0,0.0,0.0,0.0,0.0,0.0,0.0,0.0,0.0,0.0,0.0,0.0,0.0
거창,0.0,0.0,0.0,0.0,0.0,0.0,0.0,0.0,0.0,0.0,0.0,0.0,0.0,0.0,0.0,0.0,0.0,0.0,0.0,0.0,0.0,0.0,0.0,0.0,0.0,0.0,0.0,0.0,0.0,0.0,0.0,0.0,0.0,0.0,0.0,0.0,0.0,0.0,0.0,0.0,0.0,0.0,0.0,0.0,0.0,0.0,0.0,0.0,0.0,0.0,0.0,0.0,0.0,0.0,0.0,0.0,0.0,0.0,0.0,0.0,0.0,0.0,0.0,0.0,0.0,0.0,0.0,0.0,0.0,0.0,0.0,0.0,0.0,0.0,0.0,0.0,0.0,0.0,0.0,0.0,0.0,0.0,0.0,0.0,0.0,0.0,0.0,0.0,23.25711631249642,0.0,0.0,0.0,0.0,0.0,0.0,0.0,0.0,0.0,0.0,0.0
합천,0.0,0.0,0.0,0.0,0.0,0.0,0.0,0.0,0.0,0.0,0.0,0.0,0.0,0.0,0.0,0.0,0.0,0.0,0.0,0.0,0.0,0.0,0.0,0.0,6.81704625018034,0.0,0.0,0.0,0.0,0.0,0.0,0.0,0.0,0.0,0.0,0.0,0.0,0.0,0.0,0.0,0.0,0.0,0.0,0.0,0.0,0.0,0.0,0.0,0.0,0.0,0.0,0.0,0.0,0.0,0.0,0.0,0.0,0.0,0.0,0.0,0.0,0.0,0.0,0.0,0.0,0.0,0.0,0.0,0.0,0.0,0.0,0.0,0.0,0.0,0.0,0.0,0.0,0.0,0.0,0.0,0.0,0.0,0.0,0.0,0.0,0.0,0.0,23.25711631249642,0.0,0.0,10.88878574744583,20.20887607464603,0.0,0.0,0.0,0.0,0.0,0.0,0.0,0.0
밀양,0.0,3.3821318558241558,6.9653912037635735,0.0,0.0,0.0,0.0,0.0,0.0,0.0,0.0,0.0,18.886062339782512,0.0,0.0,0.0,0.0,0.0,0.0,0.0,0.0,0.0,16.86622065706179,0.0,0.0,0.0,0.0,0.0,0.0,14.2576987662828,0.0,0.0,18.296222761628584,0.0,0.0,0.0,0.0,0.0,0.0,0.0,0.0,0.0,0.0,0.0,0.0,0.0,0.0,0.0,0.0,0.0,0.0,0.0,0.0,0.0,0.0,0.0,0.0,0.0,0.0,0.0,0.0,0.0,0.0,0.0,0.0,0.0,0.0,0.0,0.0,0.0,0.0,0.0,0.0,0.0,0.0,0.0,0.0,0.0,0.0,0.0,0.0,0.0,0.0,0.0,0.0,0.0,0.0,0.0,0.0,0.0,9.57430071894229,26.423005600637087,33.80454662952831,0.0,0.0,0.0,0.0,0.0,0.0,0.0
함안,0.0,0.0,0.0,0.0,0.0,0.0,0.0,0.0,0.0,0.0,0.0,0.0,24.255820063083966,0.0,0.0,0.0,0.0,0.0,0.0,0.0,0.0,0.0,5.463942710280136,0.0,21.177785504511544,0.0,0.0,0.0,0.0,0.0,0.0,0.0,0.0,0.0,0.0,0.0,0.0,0.0,0.0,0.0,0.0,0.0,0.0,0.0,7.04208593335634,0.0,0.0,0.0,0.0,0.0,0.0,0.0,0.0,0.0,0.0,0.0,0.0,2.20037310039573,0.0,0.0,0.0,0.0,0.0,0.0,0.0,0.0,0.0,0.0,0.0,0.0,0.0,0.0,0.0,0.0,0.0,0.0,0.0,0.0,0.0,0.0,3.526195432106867,15.955330202933041,0.0,0.0,0.0,0.0,0.0,0.0,10.88878574744583,9.57430071894229,0.0,18.82964077284661,0.0,0.0,0.0,0.0,0.0,0.0,0.0,0.0
창녕,0.0,0.0,12.241837225851832,0.0,0.0,0.0,0.0,0.0,0.0,0.0,0.0,0.0,11.02082306901341,0.0,0.0,0.0,0.0,0.0,0.0,0.0,0.0,0.0,0.0,0.0,0.0,0.0,0.0,0.0,0.0,11.506253452932803,0.0,0.0,0.0,0.0,0.0,0.0,0.0,0.0,0.0,0.0,0.0,0.0,0.0,0.0,0.0,0.0,0.0,0.0,0.0,0.0,0.0,0.0,0.0,0.0,0.0,0.0,0.0,0.0,0.0,0.0,0.0,0.0,0.0,0.0,0.0,0.0,0.0,0.0,0.0,0.0,0.0,0.0,0.0,0.0,0.0,0.0,0.0,0.0,0.0,0.0,0.0,0.0,0.0,0.0,0.0,0.0,0.0,0.0,20.20887607464603,26.423005600637087,18.82964077284661,0.0,25.1457712920231,0.0,0.0,0.0,0.0,0.0,0.0,0.0
청도,0.0,0.0,22.42865269740663,0.0,0.0,0.0,0.0,0.0,0.0,0.0,0.0,0.0,3.074321329754774,0.0,0.0,0.0,0.0,0.0,0.0,0.0,0.0,0.0,1.2559959785310895,0.0,0.0,0.0,0.0,0.0,0.0,30.407770386256257,0.0,0.0,5.634851495600245,0.0,0.0,0.0,0.0,0.0,0.0,0.0,0.0,0.0,0.0,0.0,0.0,0.0,0.0,0.11784052247127619,0.0,0.0,0.0,0.0,0.0,0.0,0.0,0.0,0.0,0.0,0.0,0.0,0.0,0.0,0.0,0.0,0.0,9.619923775537046,0.0,0.0,0.0,0.0,0.0,0.0,0.0,0.0,0.0,0.0,0.0,0.0,0.0,0.0,0.0,0.0,0.0,0.0,0.0,0.0,0.0,0.0,0.0,33.80454662952831,0.0,25.1457712920231,0.0,0.0,0.0,0.0,0.0,0.0,0.0,0.0
의성,0.0,0.0,0.0,0.0,0.0,0.0,0.0,0.0,0.0,0.0,0.0,0.0,0.0,0.0,0.0,0.0,0.0,0.0,0.0,0.0,0.0,0.0,0.0,0.0,0.0,0.0,0.0,0.0,0.0,0.0,0.0,0.0,0.0,0.0,9.096074928558565,0.0,0.0,0.0,0.0,0.0,0.0,0.0,0.0,0.0,0.0,0.0,0.0,0.0,0.0,0.0,0.0,0.0,0.0,0.0,0.0,0.0,0.0,0.0,0.0,26.133593689017957,0.0,0.0,0.0,0.0,1.3771820647825521,2.741541454315559,0.0,0.0,0.0,0.0,0.0,0.0,0.0,0.0,0.0,0.0,0.0,0.0,0.0,0.0,0.0,0.0,0.0,0.0,0.0,0.0,0.0,0.0,0.0,0.0,0.0,0.0,0.0,0.0,9.814091466991464,0.0,0.0,0.0,0.0,0.0
예천,0.0,0.0,0.0,0.0,0.0,0.0,0.0,0.0,0.0,0.0,0.0,0.0,0.0,0.0,0.0,0.0,0.0,0.0,0.0,0.0,0.0,0.0,0.0,0.0,0.0,0.0,0.0,0.0,0.0,0.0,0.0,0.0,0.0,0.0,0.0,0.0,0.0,0.0,0.0,0.0,0.0,0.0,0.0,0.0,0.0,0.0,0.0,0.0,0.0,0.0,0.0,0.0,0.0,0.0,0.0,0.0,0.0,0.0,0.0,23.646911123525655,0.0,0.0,0.0,25.09274342826399,12.694976466378222,0.0,27.349669409853526,0.0,0.0,0.0,0.0,0.0,0.0,0.0,0.0,0.0,0.0,0.0,0.0,0.0,0.0,0.0,0.0,0.0,0.0,0.0,0.0,0.0,0.0,0.0,0.0,0.0,0.0,9.814091466991464,0.0,13.671118633925623,0.0,0.0,0.0,0.0
봉화,0.0,0.0,0.0,0.0,0.0,0.0,0.0,0.0,0.0,0.0,0.0,0.0,0.0,0.0,0.0,0.0,0.0,0.0,0.0,0.0,0.0,0.0,0.0,0.0,0.0,0.0,0.0,0.0,0.0,0.0,0.0,0.0,0.0,0.0,0.0,0.0,0.0,0.0,0.0,0.0,0.0,0.0,0.0,0.0,0.0,0.0,0.0,0.0,0.0,0.0,0.0,0.0,0.0,0.0,0.0,0.0,0.0,0.0,0.0,13.72829701289944,0.0,0.0,0.0,0.0,0.0,0.0,36.31641128880386,0.0,0.0,0.0,0.0,0.0,0.0,0.0,0.0,0.0,12.440137738473005,0.0,0.0,0.0,0.0,0.0,0.0,0.0,0.0,0.0,0.0,0.0,0.0,0.0,0.0,0.0,0.0,0.0,13.671118633925623,0.0,0.0,0.0,0.0,0.0
울진,0.0,0.0,0.0,0.0,0.0,0.0,0.0,0.0,0.0,0.0,0.0,0.0,0.0,0.0,0.0,0.0,0.0,0.0,0.0,0.0,0.0,0.0,0.0,0.0,0.0,0.0,0.0,0.0,0.0,0.0,0.0,0.0,0.0,0.0,0.0,0.0,0.0,0.0,0.0,0.0,0.0,0.0,0.0,0.0,0.0,0.0,0.0,0.0,0.0,0.0,0.0,0.0,0.0,0.0,0.0,0.0,0.0,0.0,0.0,0.0,0.0,0.0,0.0,0.0,0.0,0.0,0.0,0.0,0.0,0.0,0.0,0.0,0.0,0.0,0.0,2.707507471526995,11.454252489936962,0.0,0.0,0.0,0.0,0.0,0.0,0.0,0.0,0.0,0.0,0.0,0.0,0.0,0.0,0.0,0.0,0.0,0.0,0.0,0.0,0.0,0.0,0.0
영동,0.0,0.0,0.0,0.0,0.0,9.218169916309918,0.0,0.0,0.0,0.0,0.0,0.0,0.0,0.0,0.0,0.0,0.0,0.0,0.0,0.0,0.0,0.0,0.0,0.0,0.0,0.0,0.0,0.0,0.0,0.0,0.0,0.0,0.0,0.0,0.0,0.0,0.0,0.0,0.0,0.0,0.0,0.0,0.0,0.0,0.0,0.0,0.0,0.0,0.0,0.0,0.0,0.0,0.0,0.0,20.01625274987158,0.0,0.0,0.0,0.0,0.0,0.0,0.0,0.0,0.0,6.850442746830893,0.0,0.0,0.0,0.0,0.0,0.0,0.0,0.0,0.0,0.0,0.0,0.0,0.0,0.0,0.0,0.0,0.0,0.0,0.0,0.0,0.0,0.0,0.0,0.0,0.0,0.0,0.0,0.0,0.0,0.0,0.0,0.0,0.0,0.0,0.0
남원,0.0,0.0,0.0,0.0,0.0,0.0,0.0,0.0,0.0,0.0,0.0,0.0,0.0,0.0,0.0,0.0,0.0,0.0,0.0,0.0,0.0,0.0,0.0,0.0,0.0,0.0,0.0,0.0,0.0,0.0,0.0,0.0,0.0,0.0,0.0,0.0,0.0,0.0,0.0,0.0,0.0,0.0,0.0,0.0,0.0,0.0,0.0,0.0,0.0,0.0,0.0,0.0,0.0,0.0,0.0,0.0,0.0,0.0,0.0,0.0,0.0,0.0,0.0,0.0,0.0,0.0,0.0,0.0,0.0,0.0,0.0,0.0,0.0,0.0,0.0,0.0,0.0,0.0,0.0,0.0,0.0,0.0,0.0,0.0,0.0,0.0,0.0,0.0,0.0,0.0,0.0,0.0,0.0,0.0,0.0,0.0,0.0,0.0,0.0,32.62011279147505
곡성,0.0,0.0,0.0,0.0,7.747189084087189,0.0,0.0,0.0,0.0,0.0,0.0,0.0,0.0,0.0,0.0,0.0,0.0,0.0,0.0,0.0,0.0,0.0,0.0,0.0,0.0,0.0,0.0,0.0,0.0,0.0,0.0,0.0,0.0,0.0,0.0,9.15154515003048,0.0,0.0,0.0,0.0,0.0,0.0,0.0,0.0,0.0,0.0,0.0,0.0,0.0,0.0,0.0,0.0,0.0,0.0,0.0,0.0,0.0,0.0,0.0,0.0,0.0,0.0,0.0,0.0,0.0,0.0,0.0,0.0,0.0,0.0,0.0,0.0,0.0,0.0,0.0,0.0,0.0,0.0,0.0,0.0,0.0,0.0,0.0,0.0,0.0,0.0,0.0,0.0,0.0,0.0,0.0,0.0,0.0,0.0,0.0,0.0,0.0,0.0,32.62011279147505,0.0
